DATES,CUM_CASES
2020-04-22,1
2020-05-04,2
2020-06-11,3
2020-06-26,4
2020-07-11,5
2020-07-12,5
2020-07-16,6
2020-07-20,7
2020-07-20,8
2020-07-20,9
2020-07-25,10
2020-08-01,11
2020-08-01,12
2020-08-01,13
2020-08-01,14
2020-08-01,15
2020-08-02,16
2020-08-02,17
2020-08-02,18
2020-08-02,19
2020-08-02,20
2020-08-02,21
2020-08-03,22
2020-08-03,23
2020-08-03,24
2020-08-04,25
2020-08-04,26
2020-08-04,27
2020-08-05,28
2020-08-05,29
2020-08-05,30
2020-08-06,31
2020-08-06,32
2020-08-06,33
2020-08-09,34
2020-08-09,35
2020-08-09,36
2020-08-09,37
2020-08-09,37
2020-08-11,38
2020-08-12,39
2020-08-14,40
2020-08-14,41
2020-08-16,42
2020-08-16,43
2020-08-19,44
2020-08-19,45
2020-08-19,46
2020-08-20,47
2020-08-21,48
2020-08-22,49
2020-08-22,50
2020-08-22,51
2020-08-23,52
2020-08-25,53
2020-08-25,54
2020-08-25,55
2020-08-25,56
2020-08-26,57
2020-08-26,58
2020-08-26,59
2020-08-26,60
2020-08-27,61
2020-08-27,62
2020-08-27,63
2020-08-27,64
2020-08-27,65
2020-08-27,66
2020-08-27,67
2020-08-27,68
2020-08-27,69
2020-08-27,70
2020-08-27,71
2020-08-27,72
2020-08-27,73
2020-08-27,74
2020-08-27,75
2020-08-27,76
2020-08-27,77
2020-08-27,78
2020-08-27,79
2020-08-27,80
2020-08-27,81
2020-08-27,82
2020-08-27,83
2020-08-27,84
2020-08-27,85
2020-08-27,86
2020-08-27,87
2020-08-28,88
2020-08-28,89
2020-08-28,90
2020-08-28,91
2020-09-01,92
2020-09-04,93
2020-09-04,94
2020-09-07,95
2020-09-08,96
2020-09-09,97
2020-09-11,98
2020-09-12,99
2020-09-13,100
2020-09-13,101
2020-09-13,102
2020-09-15,103
2020-09-24,104
2020-09-27,105
2020-09-27,106
2020-09-29,107
2020-09-29,108
2020-09-29,109
2020-09-29,110
2020-09-29,111
2020-10-01,112
2020-10-01,113
2020-10-02,114
2020-10-02,115
2020-10-02,116
2020-10-02,117
2020-10-02,118
2020-10-02,119
2020-10-02,120
2020-10-02,121
2020-10-02,122
2020-10-02,123
2020-10-02,124
2020-10-05,125
2020-10-08,126
2020-10-08,127
2020-10-08,128
2020-10-09,129
2020-10-09,130
2020-10-09,131
2020-10-09,132
2020-10-10,133
2020-10-10,134
2020-10-10,135
2020-10-10,136
2020-10-10,137
2020-10-10,138
2020-10-10,139
2020-10-15,140
2020-10-15,141
2020-10-15,142
2020-10-17,143
2020-10-18,144
2020-10-19,145
2020-10-19,146
2020-10-19,147
2020-10-20,148
2020-10-22,149
2020-10-22,150
2020-10-22,151
2020-10-22,152
2020-10-22,153
2020-10-22,154
2020-10-22,155
2020-10-22,156
2020-10-22,157
2020-10-23,158
2020-10-23,159
2020-10-24,160
2020-10-24,161
2020-10-24,162
2020-10-25,163
2020-10-26,164
2020-10-26,165
2020-10-26,166
2020-10-26,167
2020-10-27,168
2020-10-30,169
2020-10-30,170
2020-11-04,171
2020-11-04,172
2020-11-04,173
2020-11-04,174
2020-11-05,175
2020-11-07,176
2020-11-07,177
2020-11-09,178
2020-11-11,179
2020-11-11,180
2020-11-12,181
2020-11-12,182
2020-11-12,183
2020-11-16,184
2020-11-16,185
2020-11-16,186
2020-11-16,187
2020-11-17,188
2020-11-20,189
2020-11-20,190
2020-11-20,191
2020-11-20,192
2020-11-21,193
2020-11-21,194
2020-11-27,195
2020-11-30,196
2020-12-01,197
2020-12-01,198
2020-12-01,199
2020-12-04,200
2020-12-04,201
2020-12-10,202
2020-12-11,203
2020-12-14,204
2020-12-19,205
2020-12-20,206
2020-12-20,207
2020-12-20,208
2020-12-20,209
2020-12-24,210
2020-12-25,211
2020-12-28,212
2020-12-30,213
2020-12-30,214
2020-12-30,215
2020-12-31,216
2021-01-02,217
2021-01-02,218
2021-01-04,219
2021-01-04,220
2021-01-04,221
2021-01-04,222
2021-01-06,223
2021-01-06,224
2021-01-06,225
2021-01-06,226
2021-01-06,227
2021-01-07,228
2021-01-10,229
2021-01-11,230
2021-01-12,231
2021-01-15,232
2021-01-22,233
2021-01-23,234
2021-01-27,235
2021-01-27,236
2021-01-27,237
2021-01-29,238
2021-02-06,239
2021-02-07,240
2021-02-07,241
2021-02-10,242
2021-02-13,243
2021-02-14,244
2021-02-19,245
2021-02-19,246
2021-02-27,247
2021-03-02,248
2021-03-04,249
2021-03-06,250
2021-03-11,251
2021-03-18,252
2021-03-18,253
2021-03-26,254
2021-03-28,255
2021-03-28,256
2021-03-29,257
2021-03-29,258
2021-03-30,259
2021-03-30,260
2021-03-30,261
2021-04-02,262
2021-04-02,263
2021-04-02,264
2021-04-05,265
2021-04-05,266
2021-04-08,267
2021-04-08,268
2021-04-08,269
2021-04-09,270
2021-04-12,271
2021-04-12,272
2021-04-13,273
2021-04-14,274
2021-04-16,275
2021-04-18,276
2021-04-18,277
2021-04-19,278
2021-04-20,279
2021-04-21,280
2021-04-22,281
2021-04-22,282
2021-04-23,283
2021-04-23,284
2021-04-23,285
2021-04-24,286
2021-04-26,287
2021-04-26,288
2021-04-26,289
2021-04-26,290
2021-04-26,291
2021-04-29,292
2021-04-30,293
2021-04-30,294
2021-04-30,295
2021-04-30,296
2021-04-30,297
2021-04-30,298
2021-04-30,299
2021-04-30,300
2021-05-01,301
2021-05-02,302
2021-05-02,303
2021-05-02,304
2021-05-02,305
2021-05-02,306
2021-05-03,307
2021-05-03,308
2021-05-03,309
2021-05-03,310
2021-05-04,311
2021-05-04,312
2021-05-04,313
2021-05-05,314
2021-05-05,315
2021-05-06,316
2021-05-06,317
2021-05-07,318
2021-05-07,319
2021-05-08,320
2021-05-09,321
2021-05-10,322
2021-05-10,323
2021-05-11,324
2021-05-11,325
2021-05-11,326
2021-05-11,327
2021-05-12,328
2021-05-12,329
2021-05-13,330
2021-05-13,331
2021-05-13,332
2021-05-13,333
2021-05-13,334
2021-05-13,335
2021-05-13,336
2021-05-13,337
2021-05-13,338
2021-05-13,339
2021-05-13,340
2021-05-13,341
2021-05-13,342
2021-05-13,343
2021-05-13,344
2021-05-13,345
2021-05-13,346
2021-05-13,347
2021-05-14,348
2021-05-14,349
2021-05-14,350
2021-05-14,351
2021-05-14,352
2021-05-14,353
2021-05-15,354
2021-05-15,355
2021-05-15,356
2021-05-15,357
2021-05-16,358
2021-05-16,359
2021-05-16,360
2021-05-16,361
2021-05-17,362
2021-05-17,363
2021-05-17,364
2021-05-18,365
2021-05-18,366
2021-05-18,367
2021-05-18,368
2021-05-18,369
2021-05-18,370
2021-05-18,371
2021-05-18,372
2021-05-18,373
2021-05-18,374
2021-05-18,375
2021-05-18,376
2021-05-18,377
2021-05-18,378
2021-05-18,379
2021-05-18,380
2021-05-18,381
2021-05-18,382
2021-05-18,383
2021-05-18,384
2021-05-18,385
2021-05-18,386
2021-05-18,387
2021-05-18,388
2021-05-19,389
2021-05-19,390
2021-05-19,391
2021-05-19,392
2021-05-19,393
2021-05-19,394
2021-05-20,395
2021-05-20,396
2021-05-20,397
2021-05-20,398
2021-05-20,399
2021-05-20,400
2021-05-21,401
2021-05-21,402
2021-05-21,403
2021-05-22,404
2021-05-22,405
2021-05-22,406
2021-05-22,407
2021-05-22,408
2021-05-22,409
2021-05-22,410
2021-05-23,411
2021-05-23,412
2021-05-23,413
2021-05-23,414
2021-05-23,415
2021-05-23,416
2021-05-23,417
2021-05-23,418
2021-05-23,419
2021-05-24,420
2021-05-24,421
2021-05-24,422
2021-05-24,423
2021-05-24,424
2021-05-24,425
2021-05-24,426
2021-05-24,427
2021-05-25,428
2021-05-25,429
2021-05-25,430
2021-05-25,431
2021-05-25,432
2021-05-25,433
2021-05-25,434
2021-05-25,435
2021-05-26,436
2021-05-26,437
2021-05-26,438
2021-05-26,439
2021-05-26,440
2021-05-26,441
2021-05-27,442
2021-05-27,443
2021-05-27,444
2021-05-27,445
2021-05-27,446
2021-05-27,447
2021-05-27,448
2021-05-27,449
2021-05-27,450
2021-05-27,451
2021-05-27,452
2021-05-28,453
2021-05-28,454
2021-05-28,455
2021-05-28,456
2021-05-28,457
2021-05-28,458
2021-05-28,459
2021-05-28,460
2021-05-28,461
2021-05-29,462
2021-05-29,463
2021-05-29,464
2021-05-29,465
2021-05-29,466
2021-05-29,467
2021-05-29,468
2021-05-29,469
2021-05-29,470
2021-05-30,471
2021-05-30,472
2021-05-30,473
2021-05-31,474
2021-05-31,475
2021-05-31,476
2021-05-31,477
2021-05-31,478
2021-05-31,479
2021-06-01,480
2021-06-01,481
2021-06-01,482
2021-06-01,483
2021-06-01,484
2021-06-01,485
2021-06-01,486
2021-06-01,487
2021-06-01,488
2021-06-01,489
2021-06-01,490
2021-06-01,491
2021-06-01,492
2021-06-01,493
2021-06-01,494
2021-06-02,495
2021-06-02,496
2021-06-02,497
2021-06-02,498
2021-06-02,499
2021-06-03,500
2021-06-03,501
2021-06-03,502
2021-06-03,503
2021-06-03,504
2021-06-03,505
2021-06-04,506
2021-06-04,507
2021-06-05,508
2021-06-05,509
2021-06-05,510
2021-06-06,511
2021-06-06,512
2021-06-06,513
2021-06-06,514
2021-06-06,515
2021-06-07,516
2021-06-07,517
2021-06-07,518
2021-06-07,519
2021-06-07,520
2021-06-08,521
2021-06-08,522
2021-06-08,523
2021-06-08,524
2021-06-08,525
2021-06-08,526
2021-06-08,527
2021-06-08,528
2021-06-09,529
2021-06-10,530
2021-06-10,531
2021-06-11,532
2021-06-11,533
2021-06-12,534
2021-06-12,535
2021-06-12,536
2021-06-13,537
2021-06-13,538
2021-06-14,539
2021-06-14,540
2021-06-14,541
2021-06-14,542
2021-06-15,543
2021-06-16,544
2021-06-16,545
2021-06-16,546
2021-06-16,547
2021-06-16,548
2021-06-17,549
2021-06-17,550
2021-06-17,551
2021-06-17,552
2021-06-17,553
2021-06-20,554
2021-06-20,555
2021-06-20,556
2021-06-21,557
2021-06-21,558
2021-06-21,559
2021-06-22,560
2021-06-22,561
2021-06-23,562
2021-06-24,563
2021-06-24,564
2021-06-24,565
2021-06-24,566
2021-06-24,567
2021-06-25,568
2021-06-25,569
2021-06-25,570
2021-06-25,571
2021-06-27,572
2021-06-27,573
2021-06-28,574
2021-06-28,575
2021-06-28,576
2021-06-28,577
2021-06-28,578
2021-06-29,579
2021-06-29,580
2021-06-30,581
2021-07-01,582
2021-07-01,583
2021-07-01,584
2021-07-01,585
2021-07-02,586
2021-07-03,587
2021-07-03,588
2021-07-04,589
2021-07-04,590
2021-07-05,591
2021-07-05,592
2021-07-05,593
2021-07-07,594
2021-07-08,595
2021-07-09,596
2021-07-09,597
2021-07-09,598
2021-07-10,599
2021-07-10,600
2021-07-12,601
2021-07-12,602
2021-07-12,603
2021-07-12,604
2021-07-14,605
2021-07-14,606
2021-07-14,607
2021-07-15,608
2021-07-16,609
2021-07-16,610
2021-07-16,611
2021-07-16,612
2021-07-16,613
2021-07-16,614
2021-07-16,615
2021-07-16,616
2021-07-17,617
2021-07-17,618
2021-07-18,619
2021-07-19,620
2021-07-19,621
2021-07-20,622
2021-07-20,623
2021-07-22,624
2021-07-22,625
2021-07-24,626
2021-07-24,627
2021-07-25,628
2021-07-25,629
2021-07-26,630
2021-07-26,631
2021-07-27,632
2021-07-27,633
2021-07-28,634
2021-07-29,635
2021-07-29,636
2021-07-29,637
2021-07-29,638
2021-07-30,639
2021-07-30,640
2021-07-30,641
2021-08-01,642
2021-08-02,643
2021-08-02,644
2021-08-03,645
2021-08-03,646
2021-08-05,647
2021-08-05,648
2021-08-05,649
2021-08-05,650
2021-08-06,651
2021-08-06,652
2021-08-06,653
2021-08-07,654
2021-08-07,655
2021-08-07,656
2021-08-08,657
2021-08-09,658
2021-08-09,659
2021-08-10,660
2021-08-10,661
2021-08-10,662
2021-08-10,663
2021-08-10,664
2021-08-11,665
2021-08-11,666
2021-08-11,667
2021-08-11,668
2021-08-12,669
2021-08-13,670
2021-08-13,671
2021-08-14,672
2021-08-14,673
2021-08-14,674
2021-08-14,675
2021-08-15,676
2021-08-15,677
2021-08-15,678
2021-08-16,679
2021-08-16,680
2021-08-16,681
2021-08-16,682
2021-08-17,683
2021-08-17,684
2021-08-18,685
2021-08-18,685
2021-08-19,686
2021-08-19,686
2021-08-19,687
2021-08-20,688
2021-08-20,689
2021-08-20,690
2021-08-20,691
2021-08-23,692
2021-08-23,693
2021-08-23,694
2021-08-23,695
2021-08-23,696
2021-08-23,697
2021-08-23,698
2021-08-24,699
2021-08-24,700
2021-08-24,701
2021-08-24,702
2021-08-24,703
2021-08-24,704
2021-08-25,705
2021-08-25,706
2021-08-25,707
2021-08-25,708
2021-08-25,709
2021-08-25,710
2021-08-25,711
2021-08-25,712
2021-08-25,713
2021-08-25,714
2021-08-25,715
2021-08-25,716
2021-08-25,717
2021-08-25,718
2021-08-26,719
2021-08-26,720
2021-08-26,721
2021-08-27,722
2021-08-27,723
2021-08-27,724
2021-08-27,725
2021-08-27,726
2021-08-27,727
2021-08-28,728
2021-08-28,729
2021-08-28,730
2021-08-28,731
2021-08-28,732
2021-08-28,733
2021-08-28,734
2021-08-28,735
2021-08-28,736
2021-08-28,737
2021-08-29,738
2021-08-29,739
2021-08-29,740
2021-08-29,741
2021-08-29,742
2021-08-29,743
2021-08-30,744
2021-08-30,745
2021-08-30,746
2021-08-30,747
2021-08-30,748
2021-08-30,749
2021-08-30,750
2021-08-30,751
2021-08-31,752
2021-08-31,753
2021-08-31,754
2021-08-31,755
2021-08-31,756
2021-08-31,757
2021-08-31,758
2021-08-31,759
2021-08-31,760
2021-08-31,761
2021-08-31,762
2021-09-01,763
2021-09-01,764
2021-09-01,765
2021-09-01,766
2021-09-01,767
2021-09-01,768
2021-09-01,769
2021-09-01,770
2021-09-01,771
2021-09-01,772
2021-09-01,773
2021-09-01,774
2021-09-01,775
2021-09-01,776
2021-09-02,777
2021-09-02,778
2021-09-02,779
2021-09-02,780
2021-09-02,781
2021-09-02,782
2021-09-02,783
2021-09-02,784
2021-09-02,785
2021-09-02,786
2021-09-02,787
2021-09-02,788
2021-09-02,789
2021-09-03,790
2021-09-03,791
2021-09-03,792
2021-09-03,793
2021-09-03,794
2021-09-03,795
2021-09-03,796
2021-09-03,797
2021-09-03,798
2021-09-03,799
2021-09-03,800
2021-09-03,801
2021-09-03,802
2021-09-04,803
2021-09-04,804
2021-09-04,805
2021-09-04,806
2021-09-05,807
2021-09-05,808
2021-09-05,809
2021-09-05,810
2021-09-05,811
2021-09-05,812
2021-09-05,813
2021-09-05,814
2021-09-06,815
2021-09-06,816
2021-09-06,817
2021-09-06,818
2021-09-06,819
2021-09-06,820
2021-09-06,821
2021-09-06,822
2021-09-06,823
2021-09-06,824
2021-09-06,825
2021-09-06,826
2021-09-06,827
2021-09-06,828
2021-09-07,829
2021-09-07,830
2021-09-07,831
2021-09-07,832
2021-09-07,833
2021-09-07,834
2021-09-07,835
2021-09-07,836
2021-09-07,837
2021-09-07,838
2021-09-07,839
2021-09-07,840
2021-09-07,841
2021-09-07,842
2021-09-07,843
2021-09-07,844
2021-09-07,845
2021-09-07,846
2021-09-07,847
2021-09-07,848
2021-09-07,849
2021-09-07,850
2021-09-07,851
2021-09-07,852
2021-09-07,853
2021-09-07,854
2021-09-07,855
2021-09-07,856
2021-09-08,857
2021-09-08,858
2021-09-08,859
2021-09-08,860
2021-09-08,861
2021-09-08,862
2021-09-08,863
2021-09-08,864
2021-09-08,865
2021-09-09,866
2021-09-09,867
2021-09-09,868
2021-09-09,869
2021-09-09,870
2021-09-09,871
2021-09-09,872
2021-09-09,873
2021-09-09,874
2021-09-09,875
2021-09-09,876
2021-09-09,877
2021-09-09,878
2021-09-10,879
2021-09-10,880
2021-09-10,881
2021-09-10,882
2021-09-10,883
2021-09-10,884
2021-09-10,885
2021-09-10,886
2021-09-10,887
2021-09-10,888
2021-09-10,889
2021-09-10,890
2021-09-10,891
2021-09-10,892
2021-09-10,893
2021-09-10,894
2021-09-10,895
2021-09-10,896
2021-09-10,897
2021-09-10,898
2021-09-10,899
2021-09-10,900
2021-09-10,901
2021-09-10,902
2021-09-11,903
2021-09-11,904
2021-09-11,905
2021-09-11,906
2021-09-11,907
2021-09-11,908
2021-09-11,909
2021-09-11,909
2021-09-11,910
2021-09-11,911
2021-09-11,912
2021-09-11,913
2021-09-12,914
2021-09-12,915
2021-09-12,916
2021-09-12,917
2021-09-12,918
2021-09-12,919
2021-09-12,920
2021-09-12,921
2021-09-12,922
2021-09-12,923
2021-09-12,924
2021-09-13,925
2021-09-13,926
2021-09-13,927
2021-09-13,928
2021-09-13,929
2021-09-13,930
2021-09-13,931
2021-09-13,932
2021-09-13,933
2021-09-13,934
2021-09-13,935
2021-09-13,936
2021-09-13,937
2021-09-13,938
2021-09-13,939
2021-09-13,940
2021-09-13,941
2021-09-13,942
2021-09-14,943
2021-09-14,944
2021-09-14,945
2021-09-14,946
2021-09-14,947
2021-09-14,948
2021-09-14,949
2021-09-14,950
2021-09-14,951
2021-09-14,952
2021-09-14,953
2021-09-14,954
2021-09-14,955
2021-09-14,956
2021-09-15,957
2021-09-15,958
2021-09-15,959
2021-09-15,960
2021-09-15,961
2021-09-15,962
2021-09-15,963
2021-09-15,964
2021-09-15,965
2021-09-15,966
2021-09-15,967
2021-09-15,968
2021-09-15,969
2021-09-15,970
2021-09-15,971
2021-09-15,972
2021-09-15,973
2021-09-16,974
2021-09-16,975
2021-09-16,976
2021-09-16,977
2021-09-16,978
2021-09-16,979
2021-09-16,980
2021-09-16,981
2021-09-16,982
2021-09-17,983
2021-09-17,984
2021-09-17,985
2021-09-17,986
2021-09-17,987
2021-09-17,988
2021-09-17,989
2021-09-17,990
2021-09-17,991
2021-09-17,992
2021-09-17,993
2021-09-17,994
2021-09-18,995
2021-09-18,996
2021-09-18,997
2021-09-18,998
2021-09-18,999
2021-09-18,1000
2021-09-18,1001
2021-09-18,1002
2021-09-18,1003
2021-09-18,1004
2021-09-18,1005
2021-09-18,1006
2021-09-19,1007
2021-09-19,1008
2021-09-19,1009
2021-09-19,1010
2021-09-19,1011
2021-09-19,1012
2021-09-19,1013
2021-09-19,1014
2021-09-19,1015
2021-09-19,1016
2021-09-19,1017
2021-09-19,1018
2021-09-19,1019
2021-09-19,1020
2021-09-19,1021
2021-09-19,1022
2021-09-19,1023
2021-09-19,1024
2021-09-19,1025
2021-09-19,1026
2021-09-20,1027
2021-09-20,1028
2021-09-20,1029
2021-09-20,1030
2021-09-20,1031
2021-09-20,1032
2021-09-20,1033
2021-09-20,1034
2021-09-20,1035
2021-09-20,1036
2021-09-20,1037
2021-09-20,1038
2021-09-20,1039
2021-09-21,1040
2021-09-21,1041
2021-09-21,1042
2021-09-21,1043
2021-09-21,1044
2021-09-21,1045
2021-09-21,1046
2021-09-21,1047
2021-09-21,1048
2021-09-21,1049
2021-09-21,1050
2021-09-21,1051
2021-09-21,1052
2021-09-21,1053
2021-09-21,1054
2021-09-21,1055
2021-09-21,1056
2021-09-21,1057
2021-09-21,1058
2021-09-21,1059
2021-09-21,1060
2021-09-22,1061
2021-09-22,1062
2021-09-22,1063
2021-09-22,1064
2021-09-22,1065
2021-09-22,1066
2021-09-22,1067
2021-09-22,1068
2021-09-22,1069
2021-09-22,1070
2021-09-22,1071
2021-09-22,1072
2021-09-23,1073
2021-09-23,1074
2021-09-23,1075
2021-09-23,1076
2021-09-23,1077
2021-09-23,1078
2021-09-23,1079
2021-09-23,1080
2021-09-23,1081
2021-09-23,1082
2021-09-23,1083
2021-09-23,1084
2021-09-23,1085
2021-09-23,1086
2021-09-23,1087
2021-09-23,1088
2021-09-23,1089
2021-09-24,1090
2021-09-24,1091
2021-09-24,1092
2021-09-24,1093
2021-09-24,1094
2021-09-24,1095
2021-09-24,1096
2021-09-24,1097
2021-09-24,1098
2021-09-24,1099
2021-09-25,1100
2021-09-25,1101
2021-09-25,1102
2021-09-25,1103
2021-09-25,1104
2021-09-25,1105
2021-09-25,1106
2021-09-25,1107
2021-09-25,1108
2021-09-25,1109
2021-09-25,1110
2021-09-25,1111
2021-09-26,1112
2021-09-26,1113
2021-09-26,1114
2021-09-26,1115
2021-09-26,1116
2021-09-26,1117
2021-09-26,1118
2021-09-26,1119
2021-09-26,1120
2021-09-26,1121
2021-09-26,1122
2021-09-26,1123
2021-09-27,1124
2021-09-27,1125
2021-09-27,1126
2021-09-27,1127
2021-09-27,1128
2021-09-27,1129
2021-09-27,1130
2021-09-27,1131
2021-09-27,1132
2021-09-27,1133
2021-09-27,1134
2021-09-27,1135
2021-09-27,1136
2021-09-27,1137
2021-09-27,1138
2021-09-27,1139
2021-09-27,1140
2021-09-27,1141
2021-09-27,1142
2021-09-27,1143
2021-09-28,1144
2021-09-28,1145
2021-09-28,1146
2021-09-28,1147
2021-09-28,1148
2021-09-28,1149
2021-09-28,1150
2021-09-28,1151
2021-09-28,1152
2021-09-28,1153
2021-09-28,1154
2021-09-28,1155
2021-09-28,1156
2021-09-28,1157
2021-09-28,1158
2021-09-28,1159
2021-09-28,1160
2021-09-29,1161
2021-09-29,1162
2021-09-29,1163
2021-09-29,1164
2021-09-29,1165
2021-09-29,1166
2021-09-29,1167
2021-09-29,1168
2021-09-29,1169
2021-09-29,1170
2021-09-29,1171
2021-09-29,1172
2021-09-29,1173
2021-09-29,1174
2021-09-29,1175
2021-09-29,1176
2021-09-29,1177
2021-09-29,1178
2021-09-29,1179
2021-09-29,1180
2021-09-29,1181
2021-09-30,1182
2021-09-30,1183
2021-09-30,1184
2021-09-30,1185
2021-09-30,1186
2021-09-30,1187
2021-09-30,1188
2021-10-01,1189
2021-10-01,1190
2021-10-01,1191
2021-10-01,1192
2021-10-01,1193
2021-10-01,1194
2021-10-01,1195
2021-10-01,1196
2021-10-02,1197
2021-10-02,1198
2021-10-02,1199
2021-10-02,1200
2021-10-02,1201
2021-10-02,1202
2021-10-02,1203
2021-10-02,1204
2021-10-02,1205
2021-10-02,1206
2021-10-03,1207
2021-10-03,1208
2021-10-03,1209
2021-10-03,1210
2021-10-04,1211
2021-10-04,1212
2021-10-04,1213
2021-10-04,1214
2021-10-04,1215
2021-10-04,1216
2021-10-04,1217
2021-10-04,1218
2021-10-04,1219
2021-10-04,1220
2021-10-04,1221
2021-10-04,1222
2021-10-04,1223
2021-10-04,1224
2021-10-05,1225
2021-10-06,1226
2021-10-06,1227
2021-10-06,1228
2021-10-06,1229
2021-10-06,1230
2021-10-06,1231
2021-10-06,1232
2021-10-07,1233
2021-10-07,1234
2021-10-07,1235
2021-10-07,1236
2021-10-08,1237
2021-10-08,1238
2021-10-08,1239
2021-10-08,1240
2021-10-08,1241
2021-10-08,1242
2021-10-08,1243
2021-10-08,1244
2021-10-08,1245
2021-10-09,1246
2021-10-09,1247
2021-10-09,1248
2021-10-09,1249
2021-10-09,1250
2021-10-09,1251
2021-10-09,1252
2021-10-09,1253
2021-10-09,1254
2021-10-10,1255
2021-10-10,1256
2021-10-10,1257
2021-10-11,1258
2021-10-11,1259
2021-10-11,1260
2021-10-11,1261
2021-10-12,1262
2021-10-12,1263
2021-10-13,1264
2021-10-13,1265
2021-10-13,1266
2021-10-13,1267
2021-10-13,1268
2021-10-13,1269
2021-10-13,1270
2021-10-13,1271
2021-10-14,1272
2021-10-14,1273
2021-10-14,1274
2021-10-14,1275
2021-10-14,1276
2021-10-14,1277
2021-10-14,1278
2021-10-14,1279
2021-10-14,1280
2021-10-15,1281
2021-10-15,1282
2021-10-15,1283
2021-10-15,1284
2021-10-15,1285
2021-10-15,1286
2021-10-15,1287
2021-10-16,1288
2021-10-16,1289
2021-10-16,1290
2021-10-16,1291
2021-10-16,1292
2021-10-16,1293
2021-10-17,1294
2021-10-17,1295
2021-10-17,1296
2021-10-17,1297
2021-10-17,1298
2021-10-17,1299
2021-10-18,1300
2021-10-18,1301
2021-10-18,1302
2021-10-18,1303
2021-10-18,1304
2021-10-18,1305
2021-10-18,1306
2021-10-18,1307
2021-10-18,1308
2021-10-18,1309
2021-10-18,1310
2021-10-19,1311
2021-10-19,1312
2021-10-19,1313
2021-10-19,1314
2021-10-19,1315
2021-10-19,1316
2021-10-19,1317
2021-10-19,1318
2021-10-20,1319
2021-10-21,1320
2021-10-21,1321
2021-10-21,1322
2021-10-21,1323
2021-10-22,1324
2021-10-23,1325
2021-10-23,1326
2021-10-23,1327
2021-10-23,1328
2021-10-23,1329
2021-10-23,1330
2021-10-24,1331
2021-10-24,1332
2021-10-25,1333
2021-10-25,1334
2021-10-25,1335
2021-10-26,1336
2021-10-26,1337
2021-10-26,1338
2021-10-27,1339
2021-10-27,1340
2021-10-27,1341
2021-10-27,1342
2021-10-28,1343
2021-10-28,1344
2021-10-28,1345
2021-10-29,1346
2021-10-30,1347
2021-10-30,1348
2021-10-30,1349
2021-10-31,1350
2021-11-01,1351
2021-11-01,1352
2021-11-04,1353
2021-11-04,1354
2021-11-04,1355
2021-11-04,1356
2021-11-04,1357
2021-11-04,1358
2021-11-04,1359
2021-11-05,1360
2021-11-05,1361
2021-11-05,1362
2021-11-06,1363
2021-11-08,1364
2021-11-08,1365
2021-11-08,1366
2021-11-12,1367
2021-11-12,1368
2021-11-12,1369
2021-11-12,1370
2021-11-15,1371
2021-11-16,1372
2021-11-18,1373
2021-11-20,1374
2021-11-20,1375
2021-11-21,1376
2021-11-21,1377
2021-11-24,1378
2021-11-25,1379
2021-11-25,1380
2021-11-27,1381
2021-11-27,1382
2021-11-27,1383
2021-11-27,1384
2021-12-01,1385
2021-12-03,1386
2021-12-15,1387
2022-01-02,1388
2022-01-06,1389
2022-01-06,1390
2022-01-06,1391
2022-01-06,1392
2022-01-07,1393
2022-01-07,1394
2022-01-07,1395
2022-01-07,1396
2022-01-08,1397
2022-01-08,1398
2022-01-09,1399
2022-01-09,1400
2022-01-09,1401
2022-01-10,1402
2022-01-10,1403
2022-01-10,1404
2022-01-10,1405
2022-01-11,1406
2022-01-11,1407
2022-01-11,1408
2022-01-11,1409
2022-01-11,1410
2022-01-11,1411
2022-01-11,1412
2022-01-11,1413
2022-01-11,1414
2022-01-11,1415
2022-01-11,1416
2022-01-11,1417
2022-01-12,1418
2022-01-12,1419
2022-01-12,1420
2022-01-12,1421
2022-01-12,1422
2022-01-12,1423
2022-01-12,1424
2022-01-13,1425
2022-01-13,1426
2022-01-13,1427
2022-01-13,1428
2022-01-13,1429
2022-01-14,1430
2022-01-14,1431
2022-01-14,1432
2022-01-14,1433
2022-01-14,1434
2022-01-14,1435
2022-01-14,1436
2022-01-14,1437
2022-01-14,1438
2022-01-14,1439
2022-01-14,1440
2022-01-15,1441
2022-01-15,1442
2022-01-16,1443
2022-01-16,1444
2022-01-16,1445
2022-01-16,1446
2022-01-16,1447
2022-01-17,1448
2022-01-17,1449
2022-01-17,1450
2022-01-17,1451
2022-01-17,1452
2022-01-17,1453
2022-01-17,1454
2022-01-17,1455
2022-01-18,1456
2022-01-18,1457
2022-01-18,1458
2022-01-18,1459
2022-01-18,1460
2022-01-18,1461
2022-01-18,1462
2022-01-18,1463
2022-01-18,1464
2022-01-18,1465
2022-01-18,1466
2022-01-18,1467
2022-01-18,1468
2022-01-18,1469
2022-01-18,1470
2022-01-19,1471
2022-01-19,1472
2022-01-19,1473
2022-01-19,1474
2022-01-19,1475
2022-01-19,1476
2022-01-19,1477
2022-01-19,1478
2022-01-19,1479
2022-01-19,1480
2022-01-19,1481
2022-01-19,1482
2022-01-19,1483
2022-01-19,1484
2022-01-19,1485
2022-01-19,1486
2022-01-19,1487
2022-01-19,1488
2022-01-19,1489
2022-01-19,1490
2022-01-19,1491
2022-01-19,1492
2022-01-19,1493
2022-01-19,1494
2022-01-19,1495
2022-01-19,1496
2022-01-19,1497
2022-01-19,1498
2022-01-20,1499
2022-01-20,1500
2022-01-20,1501
2022-01-20,1502
2022-01-20,1503
2022-01-20,1504
2022-01-20,1505
2022-01-20,1506
2022-01-20,1507
2022-01-20,1508
2022-01-20,1509
2022-01-20,1510
2022-01-20,1511
2022-01-20,1512
2022-01-20,1513
2022-01-20,1514
2022-01-20,1515
2022-01-20,1516
2022-01-20,1517
2022-01-20,1518
2022-01-21,1519
2022-01-21,1520
2022-01-21,1521
2022-01-21,1522
2022-01-21,1523
2022-01-21,1524
2022-01-21,1525
2022-01-21,1526
2022-01-21,1527
2022-01-21,1528
2022-01-21,1529
2022-01-21,1530
2022-01-21,1531
2022-01-21,1532
2022-01-21,1533
2022-01-21,1534
2022-01-21,1535
2022-01-21,1536
2022-01-21,1537
2022-01-21,1538
2022-01-21,1539
2022-01-21,1540
2022-01-21,1541
2022-01-21,1542
2022-01-21,1543
2022-01-21,1544
2022-01-21,1545
2022-01-21,1546
2022-01-22,1547
2022-01-22,1548
2022-01-22,1549
2022-01-22,1550
2022-01-22,1551
2022-01-22,1552
2022-01-22,1553
2022-01-22,1554
2022-01-22,1555
2022-01-22,1556
2022-01-23,1557
2022-01-23,1558
2022-01-23,1559
2022-01-23,1560
2022-01-23,1561
2022-01-23,1562
2022-01-23,1563
2022-01-23,1564
2022-01-23,1565
2022-01-23,1566
2022-01-23,1567
2022-01-23,1568
2022-01-23,1569
2022-01-23,1570
2022-01-23,1571
2022-01-23,1572
2022-01-23,1573
2022-01-23,1574
2022-01-23,1575
2022-01-23,1576
2022-01-23,1577
2022-01-23,1578
2022-01-23,1579
2022-01-23,1580
2022-01-23,1581
2022-01-23,1582
2022-01-23,1583
2022-01-23,1584
2022-01-23,1585
2022-01-23,1586
2022-01-23,1587
2022-01-24,1588
2022-01-24,1589
2022-01-24,1590
2022-01-24,1591
2022-01-24,1592
2022-01-24,1593
2022-01-24,1594
2022-01-24,1595
2022-01-24,1596
2022-01-24,1597
2022-01-24,1598
2022-01-24,1599
2022-01-24,1600
2022-01-24,1601
2022-01-24,1602
2022-01-24,1603
2022-01-24,1604
2022-01-24,1605
2022-01-24,1606
2022-01-24,1607
2022-01-24,1608
2022-01-24,1609
2022-01-24,1610
2022-01-24,1611
2022-01-24,1612
2022-01-24,1613
2022-01-24,1614
2022-01-24,1615
2022-01-24,1616
2022-01-25,1617
2022-01-25,1618
2022-01-25,1619
2022-01-25,1620
2022-01-25,1621
2022-01-25,1622
2022-01-25,1623
2022-01-25,1624
2022-01-25,1625
2022-01-25,1626
2022-01-25,1627
2022-01-25,1628
2022-01-25,1629
2022-01-25,1630
2022-01-25,1631
2022-01-25,1632
2022-01-25,1633
2022-01-25,1634
2022-01-25,1635
2022-01-25,1636
2022-01-25,1637
2022-01-25,1638
2022-01-26,1639
2022-01-26,1640
2022-01-26,1641
2022-01-26,1642
2022-01-26,1643
2022-01-26,1644
2022-01-26,1645
2022-01-27,1646
2022-01-27,1647
2022-01-27,1648
2022-01-27,1649
2022-01-27,1650
2022-01-27,1651
2022-01-27,1652
2022-01-27,1653
2022-01-27,1654
2022-01-27,1655
2022-01-27,1656
2022-01-27,1657
2022-01-27,1658
2022-01-27,1659
2022-01-27,1660
2022-01-27,1661
2022-01-27,1662
2022-01-27,1663
2022-01-27,1664
2022-01-27,1665
2022-01-27,1666
2022-01-28,1667
2022-01-28,1668
2022-01-28,1669
2022-01-28,1670
2022-01-28,1671
2022-01-28,1672
2022-01-28,1673
2022-01-28,1674
2022-01-29,1675
2022-01-29,1676
2022-01-29,1677
2022-01-29,1678
2022-01-29,1679
2022-01-29,1680
2022-01-29,1681
2022-01-29,1682
2022-01-30,1683
2022-01-30,1684
2022-01-30,1685
2022-01-30,1686
2022-01-30,1687
2022-01-30,1688
2022-01-31,1689
2022-01-31,1690
2022-01-31,1691
2022-01-31,1692
2022-01-31,1693
2022-01-31,1694
2022-01-31,1695
2022-01-31,1696
2022-01-31,1697
2022-01-31,1698
2022-01-31,1699
2022-01-31,1700
2022-01-31,1701
2022-02-01,1702
2022-02-01,1703
2022-02-01,1704
2022-02-01,1705
2022-02-01,1706
2022-02-01,1707
2022-02-01,1708
2022-02-01,1709
2022-02-01,1710
2022-02-01,1711
2022-02-01,1712
2022-02-01,1713
2022-02-01,1714
2022-02-02,1715
2022-02-02,1716
2022-02-02,1717
2022-02-02,1718
2022-02-02,1719
2022-02-02,1720
2022-02-02,1721
2022-02-03,1722
2022-02-03,1723
2022-02-03,1724
2022-02-03,1725
2022-02-03,1726
2022-02-03,1727
2022-02-03,1728
2022-02-03,1729
2022-02-03,1730
2022-02-04,1731
2022-02-04,1732
2022-02-06,1733
2022-02-06,1734
2022-02-06,1735
2022-02-06,1736
2022-02-06,1737
2022-02-06,1738
2022-02-07,1739
2022-02-07,1740
2022-02-07,1741
2022-02-07,1742
2022-02-07,1743
2022-02-07,1744
2022-02-07,1745
2022-02-07,1746
2022-02-08,1747
2022-02-08,1748
2022-02-08,1749
2022-02-08,1750
2022-02-09,1751
2022-02-09,1752
2022-02-09,1753
2022-02-10,1754
2022-02-11,1755
2022-02-11,1756
2022-02-12,1757
2022-02-13,1758
2022-02-15,1759
2022-02-17,1760
2022-02-21,1761
2022-02-25,1762