step,days_passed,susceptible,infected,recovered,partially_vaccinated,fully_vaccinated_without_booster,fully_vaccinated_with_booster,dead,mean_R₀,median_R₀,infection_probability,vaccination_probability
0,2020-04-22,149709,1,0,0,0,0,0,0.0,0.0,0.46,0.09788
1,2020-04-23,149708,2,0,0,0,0,0,0.0,0.0,0.46,0.09788
2,2020-04-24,149708,2,0,0,0,0,0,0.0,0.0,0.46,0.09788
3,2020-04-25,149708,2,0,0,0,0,0,0.0,0.0,0.46,0.09788
4,2020-04-26,149707,3,0,0,0,0,0,0.0,0.0,0.46,0.09788
5,2020-04-27,149705,5,0,0,0,0,0,0.0,0.0,0.46,0.09788
6,2020-04-28,149705,5,0,0,0,0,0,0.0,0.0,0.46,0.09788
7,2020-04-29,149705,5,0,0,0,0,0,0.0,0.0,0.46,0.09788
8,2020-04-30,149703,7,0,0,0,0,0,0.0,0.0,0.46,0.09788
9,2020-05-01,149700,10,0,0,0,0,0,0.0,0.0,0.46,0.09788
10,2020-05-02,149700,10,0,0,0,0,0,0.0,0.0,0.46,0.09788
11,2020-05-03,149699,11,0,0,0,0,0,0.0,0.0,0.46,0.09788
12,2020-05-04,149698,12,0,0,0,0,0,0.0,0.0,0.46,0.09788
13,2020-05-05,149697,13,0,0,0,0,0,0.0,0.0,0.46,0.09788
14,2020-05-06,149695,15,0,0,0,0,0,0.0,0.0,0.46,0.09788
15,2020-05-07,149691,19,0,0,0,0,0,0.0,0.0,0.46,0.09788
16,2020-05-08,149687,23,0,0,0,0,0,0.0,0.0,0.46,0.09788
17,2020-05-09,149685,25,0,0,0,0,0,0.0,0.0,0.46,0.09788
18,2020-05-10,149682,28,0,0,0,0,0,0.0,0.0,0.46,0.09788
19,2020-05-11,149681,29,0,0,0,0,0,0.0,0.0,0.46,0.09788
20,2020-05-12,149675,35,0,0,0,0,0,0.0,0.0,0.46,0.09788
21,2020-05-13,149671,39,0,0,0,0,0,0.0,0.0,0.46,0.09788
22,2020-05-14,149668,42,0,0,0,0,0,0.0,0.0,0.46,0.09788
23,2020-05-15,149659,51,0,0,0,0,0,0.0,0.0,0.46,0.09788
24,2020-05-16,149650,60,0,0,0,0,0,0.0,0.0,0.15,0.09788
25,2020-05-17,149648,62,0,0,0,0,0,0.0,0.0,0.128,0.09788
26,2020-05-18,149648,62,0,0,0,0,0,0.0,0.0,0.23,0.09788
27,2020-05-19,149640,70,0,0,0,0,0,0.0,0.0,0.232,0.09788
28,2020-05-20,149635,75,0,0,0,0,0,0.0,0.0,0.114,0.09788
29,2020-05-21,149632,78,0,0,0,0,0,0.0,0.0,0.158,0.09788
30,2020-05-22,149629,79,2,0,0,0,0,2.0,2.0,0.232,0.09788
31,2020-05-23,149625,83,2,0,0,0,0,2.0,2.0,0.082,0.09788
32,2020-05-24,149622,86,2,0,0,0,0,2.0,2.0,0.208,0.09788
33,2020-05-25,149619,88,3,0,0,0,0,5.0,5.0,0.206,0.09788
34,2020-05-26,149614,91,5,0,0,0,0,2.0,2.0,0.134,0.09788
35,2020-05-27,149610,95,5,0,0,0,0,2.0,2.0,0.112,0.09788
36,2020-05-28,149609,96,5,0,0,0,0,2.0,2.0,0.094,0.09788
37,2020-05-29,149608,95,7,0,0,0,0,5.5,5.5,0.114,0.09788
38,2020-05-30,149604,96,10,0,0,0,0,0.6666666666666666,1.0,0.172,0.09788
39,2020-05-31,149599,101,10,0,0,0,0,0.6666666666666666,1.0,0.238,0.09788
40,2020-06-01,149597,102,11,0,0,0,0,6.0,6.0,0.17,0.09788
41,2020-06-02,149592,106,12,0,0,0,0,4.0,4.0,0.178,0.09788
42,2020-06-03,149590,107,13,0,0,0,0,1.0,1.0,0.216,0.09788
43,2020-06-04,149583,112,15,0,0,0,0,2.0,2.0,0.162,0.09788
44,2020-06-05,149581,110,19,0,0,0,0,1.75,1.0,0.184,0.09788
45,2020-06-06,149573,114,23,0,0,0,0,2.0,2.0,0.22,0.09788
46,2020-06-07,149565,120,24,0,0,0,1,3.0,3.0,0.182,0.09788
47,2020-06-08,149564,118,27,0,0,0,1,2.0,3.0,0.1,0.09788
48,2020-06-09,149563,118,28,0,0,0,1,1.0,1.0,0.128,0.09788
49,2020-06-10,149561,114,34,0,0,0,1,1.6666666666666667,1.5,0.194,0.09788
50,2020-06-11,149555,116,38,0,0,0,1,1.25,1.0,0.188,0.09788
51,2020-06-12,149549,119,41,0,0,0,1,1.6666666666666667,0.0,0.086,0.09788
52,2020-06-13,149544,115,50,0,0,0,1,1.1111111111111112,1.0,0.194,0.09788
53,2020-06-14,149534,117,58,0,0,0,1,1.2222222222222223,0.0,0.098,0.09788
54,2020-06-15,149529,120,60,0,0,0,1,0.5,0.5,0.082,0.09788
55,2020-06-16,149522,129,58,0,0,0,1,0.5,0.5,0.088,0.09788
56,2020-06-17,149520,123,66,0,0,0,1,0.625,1.0,0.162,0.09788
57,2020-06-18,149506,132,71,0,0,0,1,0.4,0.0,0.112,0.09788
58,2020-06-19,149501,134,74,0,0,0,1,0.3333333333333333,0.0,0.142,0.09788
59,2020-06-20,149492,140,77,0,0,0,1,0.3333333333333333,0.0,0.152,0.09788
60,2020-06-21,149485,144,80,0,0,0,1,1.0,1.0,0.122,0.09788
61,2020-06-22,149478,148,83,0,0,0,1,0.6666666666666666,1.0,0.146,0.09788
62,2020-06-23,149464,160,85,0,0,0,1,1.3333333333333333,2.0,0.086,0.09788
63,2020-06-24,149461,158,90,0,0,0,1,2.0,1.0,0.186,0.09788
64,2020-06-25,149444,171,94,0,0,0,1,0.75,1.0,0.206,0.09788
65,2020-06-26,149427,187,95,0,0,0,1,3.0,3.0,0.128,0.09788
66,2020-06-27,149419,194,96,0,0,0,1,5.0,5.0,0.14,0.09788
67,2020-06-28,149409,200,100,0,0,0,1,1.25,0.5,0.134,0.09788
68,2020-06-29,149396,208,105,0,0,0,1,0.6,1.0,0.148,0.09788
69,2020-06-30,149378,224,107,0,0,0,1,1.0,1.0,0.088,0.09788
70,2020-07-01,149371,227,111,0,0,0,1,1.4,2.0,0.136,0.09788
71,2020-07-02,149361,235,113,0,0,0,1,0.5,0.5,0.156,0.09788
72,2020-07-03,149346,243,120,0,0,0,1,1.4285714285714286,1.0,0.14,0.09788
73,2020-07-04,149340,247,122,0,0,0,1,2.0,2.0,0.098,0.09788
74,2020-07-05,149329,250,130,0,0,0,1,0.875,1.0,0.212,0.09788
75,2020-07-06,149311,260,138,0,0,0,1,0.75,1.0,0.148,0.09788
76,2020-07-07,149293,277,139,0,0,0,1,1.0,1.0,0.122,0.09788
77,2020-07-08,149281,288,140,0,0,0,1,1.0,1.0,0.094,0.09788
78,2020-07-09,149271,296,142,0,0,0,1,2.0,2.0,0.184,0.09788
79,2020-07-10,149256,306,147,0,0,0,1,2.0,1.0,0.212,0.09788
80,2020-07-11,149244,314,151,0,0,0,1,0.8333333333333334,0.5,0.224,0.09788
81,2020-07-12,149217,337,155,0,0,0,1,1.0,1.0,0.204,0.09788
82,2020-07-13,149195,349,165,0,0,0,1,1.6363636363636365,1.0,0.128,0.09788
83,2020-07-14,149177,362,170,0,0,0,1,1.0,1.0,0.124,0.09788
84,2020-07-15,149164,366,179,0,0,0,1,1.1111111111111112,1.0,0.128,0.09788
85,2020-07-16,149155,373,181,0,0,0,1,2.0,2.0,0.114,0.09788
86,2020-07-17,149143,372,194,0,0,0,1,0.5714285714285714,0.5,0.204,0.09788
87,2020-07-18,149104,408,197,0,0,0,1,0.2,0.0,0.144,0.09788
88,2020-07-19,149086,420,203,0,0,0,1,1.7777777777777777,2.0,0.082,0.09788
89,2020-07-20,149077,421,211,0,0,0,1,1.375,1.0,0.108,0.09788
90,2020-07-21,149062,431,216,0,0,0,1,1.1428571428571428,1.0,0.212,0.09788
91,2020-07-22,149027,452,230,0,0,0,1,0.4,0.0,0.09,0.09788
92,2020-07-23,149014,464,231,0,0,0,1,1.0,1.0,0.148,0.09788
93,2020-07-24,148994,469,245,0,0,0,2,0.7647058823529411,1.0,0.204,0.09788
94,2020-07-25,148971,475,262,0,0,0,2,1.0588235294117647,1.0,0.22,0.09788
95,2020-07-26,148932,508,268,0,0,0,2,0.625,1.0,0.228,0.09788
96,2020-07-27,148896,538,274,0,0,0,2,1.2,1.0,0.226,0.09788
97,2020-07-28,148864,559,285,0,0,0,2,1.0,0.0,0.218,0.09788
98,2020-07-29,148827,579,302,0,0,0,2,0.8333333333333334,0.5,0.1,0.09788
99,2020-07-30,148815,586,307,0,0,0,2,0.875,0.5,0.132,0.09788
100,2020-07-31,148793,598,317,0,0,0,2,1.0,0.5,0.236,0.09788
101,2020-08-01,148762,619,326,0,0,0,3,0.6,0.0,0.196,0.09788
102,2020-08-02,148737,641,329,0,0,0,3,0.6666666666666666,0.0,0.08,0.09788
103,2020-08-03,148718,650,339,0,0,0,3,0.5454545454545454,0.0,0.114,0.09788
104,2020-08-04,148696,657,353,0,0,0,4,0.5555555555555556,0.5,0.164,0.09788
105,2020-08-05,148662,677,366,0,0,0,5,0.9444444444444444,1.0,0.142,0.09788
106,2020-08-06,148641,688,376,0,0,0,5,0.5833333333333334,0.5,0.238,0.09788
107,2020-08-07,148601,722,382,0,0,0,5,0.9,1.0,0.176,0.09788
108,2020-08-08,148573,736,394,0,0,0,7,1.0,1.0,0.166,0.09788
109,2020-08-09,148544,754,404,0,0,0,8,0.8571428571428571,0.5,0.16,0.09788
110,2020-08-10,148523,749,429,0,0,0,9,0.8928571428571429,1.0,0.218,0.09788
111,2020-08-11,148474,780,447,0,0,0,9,1.1304347826086956,1.0,0.094,0.09788
112,2020-08-12,148455,785,461,0,0,0,9,1.4444444444444444,1.0,0.138,0.09788
113,2020-08-13,148421,810,470,0,0,0,9,1.2307692307692308,1.0,0.126,0.09788
114,2020-08-14,148396,831,473,0,0,0,10,0.4444444444444444,0.0,0.082,0.09788
115,2020-08-15,148380,838,482,0,0,0,10,1.0769230769230769,1.0,0.17,0.09788
116,2020-08-16,148354,824,521,0,0,0,11,1.0,1.0,0.114,0.09788
117,2020-08-17,148322,839,537,0,0,0,12,0.9523809523809523,1.0,0.192,0.09788
118,2020-08-18,148282,879,536,0,0,0,13,0.6666666666666666,0.0,0.136,0.09788
119,2020-08-19,148266,881,550,0,0,0,13,0.6470588235294118,1.0,0.09,0.09788
120,2020-08-20,148238,880,577,0,0,0,15,0.6111111111111112,0.0,0.106,0.09788
121,2020-08-21,148213,899,583,0,0,0,15,0.8666666666666667,1.0,0.158,0.09788
122,2020-08-22,148185,907,603,0,0,0,15,1.0,0.5,0.192,0.09788
123,2020-08-23,148143,927,625,0,0,0,15,0.7391304347826086,0.0,0.126,0.09788
124,2020-08-24,148121,913,661,0,0,0,15,0.7560975609756098,0.0,0.23,0.09788
125,2020-08-25,148085,915,695,0,0,0,15,1.2,1.0,0.182,0.09788
126,2020-08-26,148035,941,719,0,0,0,15,0.9705882352941176,1.0,0.186,0.09788
127,2020-08-27,147997,947,750,0,0,0,16,0.9210526315789473,1.0,0.132,0.09788
128,2020-08-28,147975,967,752,0,0,0,16,1.0,1.0,0.236,0.09788
129,2020-08-29,147923,1002,768,0,0,0,17,0.6818181818181818,0.5,0.23,0.09788
130,2020-08-30,147860,1037,796,0,0,0,17,1.4166666666666667,1.0,0.188,0.09788
131,2020-08-31,147818,1058,817,0,0,0,17,0.9642857142857143,0.0,0.228,0.09788
132,2020-09-01,147786,1080,825,0,0,0,19,0.6,0.0,0.104,0.09788
133,2020-09-02,147757,1099,833,0,0,0,21,1.04,1.0,0.162,0.09788
134,2020-09-03,147737,1091,860,0,0,0,22,0.8947368421052632,0.0,0.22,0.09788
135,2020-09-04,147699,1118,870,0,0,0,23,0.8260869565217391,1.0,0.08,0.09788
136,2020-09-05,147677,1107,903,0,0,0,23,0.75,0.0,0.23,0.09788
137,2020-09-06,147611,1149,927,0,0,0,23,0.6333333333333333,0.0,0.218,0.09788
138,2020-09-07,147555,1182,950,0,0,0,23,0.9375,1.0,0.146,0.09788
139,2020-09-08,147533,1190,964,0,0,0,23,1.0434782608695652,1.0,0.15,0.09788
140,2020-09-09,147501,1176,1009,0,0,0,24,1.0,0.5,0.206,0.09788
141,2020-09-10,147461,1204,1020,0,0,0,25,0.9565217391304348,1.0,0.122,0.09788
142,2020-09-11,147430,1217,1038,0,0,0,25,0.9210526315789473,0.0,0.176,0.09788
143,2020-09-12,147384,1247,1053,0,0,0,26,1.1,0.0,0.23,0.09788
144,2020-09-13,147320,1307,1057,0,0,0,26,0.7,0.0,0.206,0.09788
145,2020-09-14,147271,1338,1075,0,0,0,26,1.0,0.0,0.152,0.09788
146,2020-09-15,147243,1341,1100,0,0,0,26,1.0555555555555556,0.0,0.1,0.09788
147,2020-09-16,147222,1329,1133,0,0,0,26,0.9183673469387755,1.0,0.198,0.09788
148,2020-09-17,147183,1362,1139,0,0,0,26,1.3157894736842106,1.0,0.154,0.09788
149,2020-09-18,147150,1377,1157,0,0,0,26,0.9142857142857143,1.0,0.19,0.09788
150,2020-09-19,147111,1398,1175,0,0,0,26,0.8823529411764706,1.0,0.164,0.09788
151,2020-09-20,147082,1416,1186,0,0,0,26,1.2333333333333334,1.0,0.104,0.09788
152,2020-09-21,147063,1406,1215,0,0,0,26,0.4186046511627907,0.0,0.118,0.09788
153,2020-09-22,147039,1411,1234,0,0,0,26,0.9259259259259259,1.0,0.234,0.09788
154,2020-09-23,146979,1448,1256,0,0,0,27,1.5,1.0,0.202,0.09788
155,2020-09-24,146946,1436,1299,0,0,0,29,0.9,0.0,0.086,0.09788
156,2020-09-25,146929,1422,1328,0,0,0,31,1.3636363636363635,1.0,0.082,0.09788
157,2020-09-26,146911,1417,1350,0,0,0,32,1.1428571428571428,1.0,0.162,0.09788
158,2020-09-27,146878,1413,1386,0,0,0,33,0.8771929824561403,0.0,0.098,0.09788
159,2020-09-28,146857,1383,1433,0,0,0,37,0.8873239436619719,1.0,0.124,0.09788
160,2020-09-29,146828,1383,1462,0,0,0,37,1.0204081632653061,1.0,0.184,0.09788
161,2020-09-30,146796,1395,1482,0,0,0,37,1.1666666666666667,1.0,0.12,0.09788
162,2020-10-01,146769,1396,1508,0,0,0,37,1.4318181818181819,1.0,0.16,0.09788
163,2020-10-02,146736,1417,1520,0,0,0,37,1.3,1.0,0.198,0.09788
164,2020-10-03,146705,1411,1557,0,0,0,37,1.04,0.5,0.186,0.09788
165,2020-10-04,146658,1447,1568,0,0,0,37,1.303030303030303,1.0,0.156,0.09788
166,2020-10-05,146623,1429,1619,0,0,0,39,0.8888888888888888,0.5,0.208,0.09788
167,2020-10-06,146579,1433,1656,0,0,0,42,0.7384615384615385,0.0,0.136,0.09788
168,2020-10-07,146545,1457,1665,0,0,0,43,1.2580645161290323,1.0,0.084,0.09788
169,2020-10-08,146531,1451,1684,0,0,0,44,1.15,0.0,0.084,0.09788
170,2020-10-09,146506,1450,1710,0,0,0,44,1.4901960784313726,1.0,0.194,0.09788
171,2020-10-10,146457,1471,1738,0,0,0,44,1.2352941176470589,0.0,0.088,0.09788
172,2020-10-11,146434,1456,1776,0,0,0,44,1.0333333333333334,1.0,0.19,0.09788
173,2020-10-12,146386,1450,1828,0,0,0,46,1.075,1.0,0.116,0.09788
174,2020-10-13,146362,1444,1858,0,0,0,46,0.8620689655172413,0.0,0.122,0.09788
175,2020-10-14,146333,1464,1866,0,0,0,47,0.8205128205128205,0.0,0.22,0.09788
176,2020-10-15,146289,1501,1872,0,0,0,48,1.6486486486486487,1.0,0.172,0.09788
177,2020-10-16,146259,1523,1880,0,0,0,48,0.9038461538461539,0.0,0.196,0.09788
178,2020-10-17,146210,1566,1884,0,0,0,50,1.26,1.0,0.212,0.09788
179,2020-10-18,146166,1583,1909,0,0,0,52,1.1818181818181819,1.0,0.234,0.09788
180,2020-10-19,146101,1624,1932,0,0,0,53,1.375,1.0,0.08,0.09788
181,2020-10-20,146083,1642,1931,0,0,0,54,1.1515151515151516,1.0,0.096,0.09788
182,2020-10-21,146055,1659,1942,0,0,0,54,1.0625,0.0,0.132,0.09788
183,2020-10-22,146032,1633,1991,0,0,0,54,1.0379746835443038,1.0,0.172,0.09788
184,2020-10-23,145995,1642,2019,0,0,0,54,1.0208333333333333,1.0,0.086,0.09788
185,2020-10-24,145982,1663,2010,0,0,0,55,1.2666666666666666,1.0,0.102,0.09788
186,2020-10-25,145957,1691,2007,0,0,0,55,1.3,1.0,0.148,0.09788
187,2020-10-26,145913,1716,2025,0,0,0,56,1.4528301886792452,0.0,0.192,0.09788
188,2020-10-27,145863,1755,2036,0,0,0,56,1.4390243902439024,1.0,0.192,0.09788
189,2020-10-28,145814,1788,2051,0,0,0,57,1.3877551020408163,1.0,0.234,0.09788
190,2020-10-29,145751,1836,2066,0,0,0,57,1.1666666666666667,1.0,0.092,0.09788
191,2020-10-30,145728,1851,2074,0,0,0,57,1.6222222222222222,1.0,0.174,0.09788
192,2020-10-31,145683,1881,2089,0,0,0,57,1.2352941176470589,1.0,0.166,0.09788
193,2020-11-01,145645,1909,2098,0,0,0,58,1.0,1.0,0.208,0.09788
194,2020-11-02,145599,1926,2125,0,0,0,60,1.1884057971014492,1.0,0.1,0.09788
195,2020-11-03,145584,1918,2147,0,0,0,61,1.4074074074074074,1.0,0.232,0.09788
196,2020-11-04,145533,1926,2189,0,0,0,62,1.6376811594202898,1.0,0.228,0.09788
197,2020-11-05,145477,1972,2199,0,0,0,62,1.0909090909090908,1.0,0.24,0.09788
198,2020-11-06,145434,2016,2198,0,0,0,62,1.8235294117647058,1.0,0.208,0.09788
199,2020-11-07,145394,2044,2210,0,0,0,62,1.24,0.0,0.162,0.09788
200,2020-11-08,145359,2046,2240,0,0,0,65,1.3333333333333333,1.0,0.158,0.09788
201,2020-11-09,145321,2071,2250,0,0,0,68,1.2666666666666666,1.0,0.228,0.09788
202,2020-11-10,145261,2099,2282,0,0,0,68,1.472972972972973,1.0,0.188,0.09788
203,2020-11-11,145207,2143,2291,0,0,0,69,1.2307692307692308,1.0,0.158,0.09788
204,2020-11-12,145165,2170,2304,0,0,0,71,1.6440677966101696,1.0,0.08,0.09788
205,2020-11-13,145145,2153,2340,0,0,0,72,1.1756756756756757,1.0,0.202,0.09788
206,2020-11-14,145097,2159,2380,0,0,0,74,1.3513513513513513,1.0,0.144,0.09788
207,2020-11-15,145065,2129,2440,0,0,0,76,1.3333333333333333,1.0,0.1,0.09788
208,2020-11-16,145051,2106,2477,0,0,0,76,1.1527777777777777,1.0,0.116,0.09788
209,2020-11-17,145024,2086,2524,0,0,0,76,1.303370786516854,1.0,0.08,0.09788
210,2020-11-18,144999,2089,2546,0,0,0,76,1.8235294117647058,2.0,0.122,0.09788
211,2020-11-19,144958,2119,2557,0,0,0,76,1.1020408163265305,1.0,0.142,0.09788
212,2020-11-20,144931,2139,2563,0,0,0,77,1.2830188679245282,1.0,0.188,0.09788
213,2020-11-21,144884,2176,2573,0,0,0,77,1.3157894736842106,1.0,0.088,0.09788
214,2020-11-22,144855,2199,2577,0,0,0,79,2.0588235294117645,1.0,0.224,0.09788
215,2020-11-23,144805,2226,2598,0,0,0,81,1.5,1.0,0.168,0.09788
216,2020-11-24,144767,2228,2634,0,0,0,81,1.435897435897436,1.0,0.098,0.09788
217,2020-11-25,144745,2221,2663,0,0,0,81,1.25,1.0,0.142,0.09788
218,2020-11-26,144714,2215,2698,0,0,0,83,1.7560975609756098,1.0,0.204,0.09788
219,2020-11-27,144667,2199,2760,0,0,0,84,1.3823529411764706,1.0,0.178,0.09788
220,2020-11-28,144621,2223,2781,0,0,0,85,1.5333333333333334,1.0,0.166,0.09788
221,2020-11-29,144581,2236,2807,0,0,0,86,1.2962962962962963,1.0,0.152,0.09788
222,2020-11-30,144548,2234,2841,0,0,0,87,1.7361111111111112,1.0,0.09,0.09788
223,2020-12-01,144528,2210,2884,0,0,0,88,1.3953488372093024,1.0,0.11,0.09788
224,2020-12-02,144504,2235,2883,0,0,0,88,1.8695652173913044,2.0,0.152,0.09788
225,2020-12-03,144466,2251,2904,0,0,0,89,1.3506493506493507,1.0,0.19,0.09788
226,2020-12-04,144408,2261,2950,0,0,0,91,1.6435643564356435,1.0,0.188,0.09788
227,2020-12-05,144351,2296,2972,0,0,0,91,1.064102564102564,0.5,0.09,0.09788
228,2020-12-06,144333,2292,2994,0,0,0,91,1.858974358974359,1.0,0.098,0.09788
229,2020-12-07,144306,2301,3009,0,0,0,94,1.554054054054054,1.0,0.116,0.09788
230,2020-12-08,144275,2309,3030,0,0,0,96,1.7,1.0,0.148,0.09788
231,2020-12-09,144223,2297,3094,0,0,0,96,1.5294117647058822,1.0,0.118,0.09788
232,2020-12-10,144200,2277,3137,0,0,0,96,1.4166666666666667,1.0,0.09,0.09788
233,2020-12-11,144183,2260,3171,0,0,0,96,1.6395348837209303,1.0,0.168,0.09788
234,2020-12-12,144142,2307,3164,0,0,0,97,1.719298245614035,1.0,0.202,0.09788
235,2020-12-13,144082,2348,3183,0,0,0,97,1.3,1.0,0.122,0.09788
236,2020-12-14,144059,2364,3187,0,0,0,100,1.4761904761904763,1.0,0.118,0.09788
237,2020-12-15,144033,2400,3177,0,0,0,100,2.1020408163265305,2.0,0.09,0.09788
238,2020-12-16,144017,2394,3198,0,0,0,101,1.391304347826087,1.0,0.164,0.09788
239,2020-12-17,143976,2445,3188,0,0,0,101,1.8518518518518519,1.0,0.208,0.09788
240,2020-12-18,143924,2473,3210,0,0,0,103,1.8860759493670887,1.0,0.136,0.09788
241,2020-12-19,143891,2488,3227,0,0,0,104,1.5890410958904109,1.0,0.08,0.09788
242,2020-12-20,143873,2473,3260,0,0,0,104,1.3936170212765957,1.0,0.142,0.09788
243,2020-12-21,143838,2488,3279,0,0,0,105,1.8243243243243243,1.0,0.094,0.09788
244,2020-12-22,143822,2487,3296,0,0,0,105,1.1411764705882352,1.0,0.18,0.09788
245,2020-12-23,143779,2502,3323,0,0,0,106,1.575,1.0,0.14,0.09788
246,2020-12-24,143752,2498,3354,0,0,0,106,1.821917808219178,1.0,0.182,0.09788
247,2020-12-25,143714,2529,3361,0,0,0,106,2.0,1.5,0.16,0.09788
248,2020-12-26,143669,2546,3389,0,0,0,106,1.313953488372093,1.0,0.096,0.09788
249,2020-12-27,143649,2519,3435,0,0,0,107,1.5119047619047619,1.0,0.202,0.09788
250,2020-12-28,143597,2530,3473,0,0,0,110,1.5638297872340425,1.0,0.08,0.09788
251,2020-12-29,143582,2522,3495,0,0,0,111,1.3714285714285714,1.0,0.234,0.09788
252,2020-12-30,143503,2610,3485,0,0,0,112,2.193548387096774,2.0,0.224,0.09788
253,2020-12-31,143446,2651,3501,0,0,0,112,1.5492957746478873,1.0,0.208,0.09788
254,2021-01-01,143406,2650,3542,0,0,0,112,1.5376344086021505,1.0,0.172,0.09788
255,2021-01-02,143373,2625,3599,0,0,0,113,1.4954954954954955,1.0,0.204,0.09788
256,2021-01-03,143322,2623,3650,0,0,0,115,1.3628318584070795,1.0,0.192,0.09788
257,2021-01-04,143272,2653,3669,0,0,0,116,1.5810810810810811,1.0,0.1,0.09788
258,2021-01-05,143252,2665,3675,0,0,0,118,1.927710843373494,1.0,0.174,0.09788
259,2021-01-06,143209,2690,3692,0,0,0,119,1.8717948717948718,1.0,0.1,0.09788
260,2021-01-07,143180,2671,3740,0,0,0,119,1.5666666666666667,1.0,0.13,0.09788
261,2021-01-08,143146,2681,3763,0,0,0,120,1.881578947368421,1.0,0.24,0.09788
262,2021-01-09,143075,2745,3770,0,0,0,120,2.3333333333333335,2.0,0.162,0.09788
263,2021-01-10,143031,2735,3824,0,0,0,120,1.8173076923076923,1.0,0.188,0.09788
264,2021-01-11,142979,2716,3892,0,0,0,123,1.7355371900826446,1.0,0.206,0.09788
265,2021-01-12,142930,2752,3905,0,0,0,123,1.8860759493670887,1.0,0.19,0.09788
266,2021-01-13,142886,2773,3928,0,0,0,123,2.4352941176470586,2.0,0.108,0.09788
267,2021-01-14,142872,2779,3935,0,0,0,124,2.2698412698412698,2.0,0.118,0.09788
268,2021-01-15,142847,2773,3965,0,0,0,125,1.7904761904761906,1.0,0.122,0.09788
269,2021-01-16,142810,2761,4013,0,0,0,126,1.5981308411214954,1.0,0.224,0.09788
270,2021-01-17,142749,2794,4040,0,0,0,127,1.7840909090909092,1.0,0.182,0.09788
271,2021-01-18,142708,2831,4044,0,0,0,127,1.9367088607594938,1.0,0.174,0.09788
272,2021-01-19,142657,2866,4060,0,0,0,127,1.404494382022472,1.0,0.234,0.09788
273,2021-01-20,142613,2892,4076,0,0,0,129,2.130952380952381,1.0,0.232,0.09788
274,2021-01-21,142565,2919,4097,0,0,0,129,1.6631578947368422,1.0,0.128,0.09788
275,2021-01-22,142536,2943,4100,0,0,0,131,2.2318840579710146,2.0,0.104,0.09788
276,2021-01-23,142517,2927,4135,0,0,0,131,2.1869158878504673,1.0,0.162,0.09788
277,2021-01-24,142484,2930,4164,0,0,0,132,1.7572815533980584,1.0,0.226,0.09788
278,2021-01-25,142433,2990,4154,0,0,0,133,2.210526315789474,2.0,0.102,0.09788
279,2021-01-26,142414,2979,4184,0,0,0,133,1.619047619047619,1.0,0.15,0.09788
280,2021-01-27,142375,3008,4193,0,0,0,134,2.129032258064516,2.0,0.128,0.09788
281,2021-01-28,142349,2943,4283,0,0,0,135,1.9066666666666667,1.0,0.118,0.09788
282,2021-01-29,142320,2937,4317,0,0,0,136,1.75,1.0,0.202,0.09788
283,2021-01-30,142271,2965,4337,0,0,0,137,2.0,1.0,0.118,0.09788
284,2021-01-31,142235,2994,4343,0,0,0,138,2.255813953488372,2.0,0.154,0.09788
285,2021-02-01,142195,3016,4357,0,0,0,142,1.4234234234234233,1.0,0.234,0.09788
286,2021-02-02,142133,3047,4385,0,0,0,145,1.625,1.0,0.196,0.09788
287,2021-02-03,142092,3055,4418,0,0,0,145,2.5894736842105264,2.0,0.23,0.09788
288,2021-02-04,142031,3093,4441,0,0,0,145,1.8446601941747574,1.0,0.17,0.09788
289,2021-02-05,141985,3166,4413,0,0,0,146,1.7746478873239437,1.0,0.172,0.09788
290,2021-02-06,141956,3178,4428,0,0,0,148,1.9069767441860466,2.0,0.082,0.09788
291,2021-02-07,141940,3134,4486,0,0,0,150,1.4661654135338347,1.0,0.146,0.09788
292,2021-02-08,141915,3134,4510,0,0,0,151,1.9042553191489362,1.0,0.124,0.09788
293,2021-02-09,141887,3149,4521,0,0,0,153,1.7352941176470589,1.0,0.086,0.09788
294,2021-02-10,141867,3140,4548,0,0,0,155,1.8521739130434782,1.0,0.114,0.09788
295,2021-02-11,141838,3132,4583,0,0,0,157,1.7924528301886793,1.0,0.224,0.09788
296,2021-02-12,141774,3203,4576,0,0,0,157,2.6231884057971016,2.0,0.204,0.09788
297,2021-02-13,141738,3211,4603,0,0,0,158,2.393939393939394,2.0,0.22,0.09788
298,2021-02-14,141690,3243,4616,0,0,0,161,2.5052631578947366,2.0,0.116,0.09788
299,2021-02-15,141669,3223,4656,0,0,0,162,1.5041322314049588,1.0,0.164,0.09788
300,2021-02-16,141625,3236,4685,0,0,0,164,2.2758620689655173,1.0,0.188,0.09788
301,2021-02-17,141591,3214,4739,0,0,0,166,1.7338709677419355,1.0,0.146,0.09788
302,2021-02-18,141550,3230,4762,0,0,0,168,2.018181818181818,1.0,0.176,0.09788
303,2021-02-19,141508,3231,4800,0,0,0,171,1.8852459016393444,1.0,0.15,0.09788
304,2021-02-20,141466,3255,4817,0,0,0,172,2.096774193548387,2.0,0.236,0.09788
305,2021-02-21,141419,3281,4838,0,0,0,172,2.4395604395604398,2.0,0.178,0.09788
306,2021-02-22,141378,3308,4849,0,0,0,175,2.169811320754717,2.0,0.108,0.09788
307,2021-02-23,141349,3290,4896,0,0,0,175,2.0854700854700856,1.0,0.09,0.09788
308,2021-02-24,141328,3313,4893,0,0,0,176,2.734042553191489,2.0,0.166,0.09788
309,2021-02-25,141287,3341,4905,0,0,0,177,2.010989010989011,1.0,0.174,0.09788
310,2021-02-26,141253,3373,4906,0,0,0,178,2.223529411764706,1.0,0.238,0.09788
311,2021-02-27,141205,3390,4936,0,0,0,179,2.30188679245283,2.0,0.162,0.09788
312,2021-02-28,141178,3378,4975,0,0,0,179,2.216666666666667,1.5,0.24,0.09788
313,2021-03-01,141125,3391,5013,0,0,0,181,2.1652173913043478,2.0,0.238,0.09788
314,2021-03-02,141083,3376,5070,142,0,0,181,2.2481203007518795,1.0,0.172,0.09788
315,2021-03-03,141047,3368,5112,173,0,0,183,1.7185185185185186,1.0,0.1,0.09788
316,2021-03-04,141019,3384,5123,290,0,0,184,1.8737864077669903,1.0,0.16,0.09788
317,2021-03-05,140978,3386,5160,415,0,0,186,1.7375886524822695,1.0,0.164,0.09788
318,2021-03-06,140939,3359,5225,487,0,0,187,2.1875,1.5,0.134,0.09788
319,2021-03-07,140909,3367,5245,523,0,0,189,2.0816326530612246,2.0,0.088,0.09788
320,2021-03-08,140890,3394,5236,639,0,0,190,2.359550561797753,2.0,0.108,0.09788
321,2021-03-09,140875,3405,5239,699,0,0,191,2.25531914893617,1.0,0.138,0.09788
322,2021-03-10,140844,3405,5267,738,0,0,194,2.111111111111111,1.0,0.196,0.09788
323,2021-03-11,140789,3437,5289,784,0,0,195,2.688679245283019,2.0,0.196,0.09788
324,2021-03-12,140745,3489,5280,851,0,0,196,2.4489795918367347,2.0,0.232,0.09788
325,2021-03-13,140695,3485,5334,985,0,0,196,1.7857142857142858,1.0,0.088,0.09788
326,2021-03-14,140680,3480,5353,1096,0,0,197,2.149532710280374,1.0,0.176,0.09788
327,2021-03-15,140638,3495,5377,1243,0,0,200,2.2283464566929134,1.0,0.14,0.09788
328,2021-03-16,140605,3541,5364,1377,0,0,200,2.6831683168316833,2.0,0.118,0.09788
329,2021-03-17,140581,3516,5410,1394,0,0,203,2.3255813953488373,1.0,0.092,0.09788
330,2021-03-18,140567,3517,5422,1516,0,0,204,2.303921568627451,2.0,0.24,0.09788
331,2021-03-19,140515,3535,5454,1546,0,0,206,2.2063492063492065,1.5,0.186,0.09788
332,2021-03-20,140472,3556,5475,1625,0,0,207,2.2357723577235773,2.0,0.174,0.09788
333,2021-03-21,140438,3573,5492,1654,0,0,207,1.9145299145299146,1.0,0.182,0.09788
334,2021-03-22,140401,3587,5515,1776,0,0,207,1.9487179487179487,1.0,0.132,0.09788
335,2021-03-23,140361,3580,5559,1829,0,0,210,2.1203007518796992,1.0,0.128,0.09788
336,2021-03-24,140326,3612,5559,1938,0,0,213,2.5353535353535355,2.0,0.226,0.09788
337,2021-03-25,140281,3616,5599,1990,0,0,214,2.5384615384615383,2.0,0.1,0.09788
338,2021-03-26,140256,3630,5608,2046,0,0,216,2.2521008403361344,1.0,0.13,0.09788
339,2021-03-27,140228,3622,5641,2081,0,0,219,2.1196581196581197,1.0,0.144,0.09788
340,2021-03-28,140205,3612,5672,2129,0,0,221,2.032520325203252,2.0,0.164,0.09788
341,2021-03-29,140174,3636,5678,2181,0,0,222,2.388888888888889,2.0,0.23,0.09788
342,2021-03-30,140131,3651,5706,2230,0,0,222,2.3125,2.0,0.138,0.09788
343,2021-03-31,140106,3681,5701,2323,0,0,222,2.2542372881355934,2.0,0.138,0.09788
344,2021-04-01,140090,3662,5736,2358,0,0,222,2.3858267716535435,2.0,0.208,0.09788
345,2021-04-02,140034,3685,5768,2447,0,0,223,2.4285714285714284,2.0,0.156,0.09788
346,2021-04-03,140010,3666,5808,2563,0,0,226,2.230769230769231,2.0,0.206,0.09788
347,2021-04-04,139965,3695,5823,2621,0,0,227,2.3504273504273505,1.0,0.216,0.09788
348,2021-04-05,139902,3759,5822,2658,0,0,227,2.4622641509433962,2.0,0.19,0.09788
349,2021-04-06,139855,3782,5845,2774,0,0,228,2.4482758620689653,2.0,0.104,0.09788
350,2021-04-07,139830,3808,5842,2836,0,0,230,2.914285714285714,2.0,0.102,0.09788
351,2021-04-08,139811,3820,5848,2888,0,0,231,2.341880341880342,2.0,0.222,0.09788
352,2021-04-09,139765,3837,5876,3024,0,0,232,1.963768115942029,1.0,0.094,0.09788
353,2021-04-10,139750,3821,5902,3120,0,0,237,2.2466666666666666,1.5,0.146,0.09788
354,2021-04-11,139718,3821,5932,3176,0,0,239,2.2573529411764706,2.0,0.24,0.09788
355,2021-04-12,139651,3885,5935,3285,0,0,239,2.8137254901960786,2.0,0.21,0.09788
356,2021-04-13,139604,3897,5970,3361,0,0,239,2.3028169014084505,2.0,0.114,0.09788
357,2021-04-14,139576,3876,6018,3460,0,0,240,2.8095238095238093,2.0,0.216,0.09788
358,2021-04-15,139539,3911,6017,3512,0,0,243,2.5288461538461537,2.0,0.082,0.09788
359,2021-04-16,139523,3938,6005,3539,0,0,244,3.1262135922330097,3.0,0.202,0.09788
360,2021-04-17,139475,3961,6030,3697,0,0,244,2.013888888888889,1.0,0.102,0.09788
361,2021-04-18,139448,3946,6067,3796,0,0,249,2.4652777777777777,2.0,0.18,0.09788
362,2021-04-19,139393,3962,6105,3831,0,0,250,2.5074626865671643,2.0,0.172,0.09788
363,2021-04-20,139355,3970,6134,3946,0,0,251,2.595419847328244,2.0,0.122,0.09788
364,2021-04-21,139327,3979,6152,3997,0,0,252,2.1984126984126986,1.0,0.124,0.09788
365,2021-04-22,139290,4003,6165,4065,0,0,252,2.7480916030534353,2.0,0.128,0.09788
366,2021-04-23,139264,4006,6186,4093,0,0,254,2.239669421487603,1.0,0.196,0.09788
367,2021-04-24,139222,4020,6213,4138,0,0,255,2.669172932330827,2.0,0.148,0.09788
368,2021-04-25,139198,4033,6223,4258,0,0,256,2.5688073394495414,2.0,0.116,0.09788
369,2021-04-26,139175,4054,6224,4347,0,0,257,2.7787610619469025,2.0,0.12,0.09788
370,2021-04-27,139142,4057,6250,4473,0,0,261,2.4696969696969697,2.0,0.2,0.09788
371,2021-04-28,139089,4086,6272,4574,0,0,263,2.6853146853146854,2.0,0.092,0.09788
372,2021-04-29,139066,4077,6303,4660,0,0,264,2.7837837837837838,2.0,0.096,0.09788
373,2021-04-30,139047,4098,6301,4742,0,0,264,3.3425925925925926,3.0,0.192,0.09788
374,2021-05-01,138996,4139,6310,4853,0,0,265,2.3309859154929575,2.0,0.154,0.09788
375,2021-05-02,138966,4142,6336,4889,0,0,266,2.556451612903226,2.0,0.222,0.09788
376,2021-05-03,138913,4148,6382,4954,0,0,267,2.5753424657534247,2.0,0.176,0.09788
377,2021-05-04,138877,4114,6452,4995,0,0,267,2.2176470588235295,1.0,0.166,0.09788
378,2021-05-05,138836,4118,6488,5070,0,0,268,2.316546762589928,1.0,0.166,0.09788
379,2021-05-06,138788,4140,6511,5202,0,0,271,3.099236641221374,3.0,0.24,0.09788
380,2021-05-07,138738,4180,6519,5258,0,0,273,2.7209302325581395,2.0,0.206,0.09788
381,2021-05-08,138684,4202,6551,5355,0,0,273,2.412903225806452,2.0,0.146,0.09788
382,2021-05-09,138661,4203,6573,5420,0,0,273,2.716417910447761,2.0,0.156,0.09788
383,2021-05-10,138616,4245,6576,5438,0,0,273,2.9705882352941178,2.0,0.154,0.09788
384,2021-05-11,138578,4215,6642,5520,0,0,275,2.0,1.0,0.23,0.09788
385,2021-05-12,138499,4240,6695,5623,0,0,276,2.272727272727273,2.0,0.23,0.09788
386,2021-05-13,138447,4276,6711,5663,0,0,276,2.5952380952380953,2.0,0.12,0.09788
387,2021-05-14,138420,4274,6737,5746,0,0,279,2.3093525179856114,2.0,0.24,0.09788
388,2021-05-15,138340,4351,6738,5806,0,0,281,2.9,2.0,0.21,0.09788
389,2021-05-16,138288,4356,6782,5936,0,0,284,2.784431137724551,2.0,0.228,0.09788
390,2021-05-17,138219,4422,6784,6037,0,0,285,2.8217054263565893,3.0,0.118,0.09788
391,2021-05-18,138185,4433,6805,6054,0,0,287,2.566666666666667,2.0,0.156,0.09788
392,2021-05-19,138140,4451,6831,6163,0,0,288,2.9280575539568345,2.0,0.196,0.09788
393,2021-05-20,138087,4505,6829,6267,0,0,289,3.037037037037037,2.0,0.178,0.09788
394,2021-05-21,138038,4511,6872,6396,0,0,289,2.4193548387096775,2.0,0.134,0.09788
395,2021-05-22,138002,4533,6886,6423,0,0,289,2.7580645161290325,2.0,0.218,0.09788
396,2021-05-23,137953,4546,6921,6480,0,0,290,2.5306122448979593,2.0,0.096,0.09788
397,2021-05-24,137919,4565,6933,6577,0,0,293,3.1557377049180326,3.0,0.114,0.09788
398,2021-05-25,137887,4570,6958,6608,0,0,295,3.1194029850746268,2.0,0.102,0.09788
399,2021-05-26,137857,4574,6983,6651,0,0,296,2.562962962962963,2.0,0.192,0.09788
400,2021-05-27,137810,4550,7047,6680,0,0,303,2.4127906976744184,2.0,0.15,0.09788
401,2021-05-28,137764,4566,7074,6803,0,0,306,3.172661870503597,3.0,0.08,0.09788
402,2021-05-29,137744,4580,7079,6832,0,0,307,3.4651162790697674,3.0,0.234,0.09788
403,2021-05-30,137673,4562,7167,6943,0,0,308,2.8633879781420766,2.0,0.22,0.09788
404,2021-05-31,137616,4605,7179,7026,13,0,310,2.7086614173228347,2.0,0.08,0.09788
405,2021-06-01,137587,4605,7208,7110,24,0,310,2.5,2.0,0.18,0.09788
406,2021-06-02,137554,4627,7219,7129,31,0,310,2.801470588235294,2.0,0.106,0.09788
407,2021-06-03,137533,4625,7240,7205,50,0,312,2.923076923076923,2.0,0.156,0.09788
408,2021-06-04,137485,4642,7268,7242,60,0,315,2.5163398692810457,2.0,0.104,0.09788
409,2021-06-05,137462,4633,7299,7326,79,0,316,2.5384615384615383,2.0,0.116,0.09788
410,2021-06-06,137440,4600,7353,7372,96,0,317,2.7570621468926553,2.0,0.214,0.09788
411,2021-06-07,137398,4612,7381,7472,137,0,319,2.911111111111111,2.0,0.094,0.09788
412,2021-06-08,137382,4598,7410,7576,171,0,320,3.1741573033707864,3.0,0.118,0.09788
413,2021-06-09,137350,4628,7411,7594,178,0,321,2.661764705882353,2.0,0.174,0.09788
414,2021-06-10,137316,4609,7463,7666,219,0,322,2.1564245810055866,1.0,0.194,0.09788
415,2021-06-11,137272,4610,7505,7754,253,0,323,2.2098765432098766,2.0,0.104,0.09788
416,2021-06-12,137237,4622,7527,7780,265,0,324,3.0583941605839415,2.0,0.116,0.09788
417,2021-06-13,137209,4573,7602,7858,296,0,326,2.4057971014492754,2.0,0.234,0.09788
418,2021-06-14,137152,4588,7644,7926,330,0,326,2.395348837209302,2.0,0.126,0.09788
419,2021-06-15,137121,4560,7701,7980,354,0,328,2.6564102564102563,2.0,0.214,0.09788
420,2021-06-16,137069,4611,7699,8094,393,0,331,2.813664596273292,2.0,0.21,0.09788
421,2021-06-17,137018,4637,7724,8130,402,0,331,2.78343949044586,2.0,0.198,0.09788
422,2021-06-18,136963,4641,7773,8176,428,0,333,2.941798941798942,2.0,0.14,0.09788
423,2021-06-19,136936,4651,7790,8244,441,0,333,2.6770186335403725,2.0,0.212,0.09788
424,2021-06-20,136886,4664,7825,8278,444,0,335,2.589041095890411,2.0,0.158,0.09788
425,2021-06-21,136850,4672,7853,8348,461,0,335,2.60625,2.0,0.176,0.09788
426,2021-06-22,136813,4685,7876,8360,471,0,336,2.74468085106383,2.0,0.194,0.09788
427,2021-06-23,136773,4699,7901,8407,483,0,337,3.0,2.0,0.212,0.09788
428,2021-06-24,136721,4744,7907,8499,516,0,338,2.949640287769784,2.0,0.14,0.09788
429,2021-06-25,136686,4764,7920,8565,542,0,340,2.7027027027027026,2.0,0.158,0.09788
430,2021-06-26,136647,4787,7933,8663,571,0,343,2.761290322580645,2.0,0.174,0.09788
431,2021-06-27,136600,4851,7913,8788,593,0,346,3.2867132867132867,2.0,0.132,0.09788
432,2021-06-28,136565,4854,7941,8892,616,0,350,2.478787878787879,2.0,0.206,0.09788
433,2021-06-29,136508,4864,7988,9004,634,0,350,2.5823529411764707,2.0,0.092,0.09788
434,2021-06-30,136490,4868,8001,9086,654,0,351,2.9342105263157894,2.0,0.16,0.09788
435,2021-07-01,136444,4900,8013,9140,669,0,353,3.259493670886076,3.0,0.154,0.09788
436,2021-07-02,136411,4951,7991,9217,681,0,357,3.24822695035461,3.0,0.128,0.09788
437,2021-07-03,136389,4930,8032,9330,693,0,359,2.7294117647058824,2.0,0.162,0.09788
438,2021-07-04,136362,4951,8036,9402,697,0,361,3.525,3.0,0.168,0.09788
439,2021-07-05,136316,4993,8038,9529,714,0,363,2.9791666666666665,2.0,0.134,0.09788
440,2021-07-06,136295,5009,8043,9626,719,0,363,2.9591836734693877,3.0,0.224,0.09788
441,2021-07-07,136241,5040,8065,9712,729,0,364,3.591463414634146,3.0,0.106,0.09788
442,2021-07-08,136226,5038,8082,9802,733,0,364,3.0542168674698793,2.0,0.102,0.09788
443,2021-07-09,136202,5030,8114,9864,742,0,364,3.05625,2.0,0.216,0.09788
444,2021-07-10,136154,5042,8145,9939,753,0,369,2.852760736196319,2.0,0.092,0.09788
445,2021-07-11,136131,5056,8154,9972,758,0,369,2.7114093959731544,2.0,0.158,0.09788
446,2021-07-12,136105,5067,8167,10062,764,0,371,3.170886075949367,3.0,0.18,0.09788
447,2021-07-13,136069,5059,8209,10110,775,0,373,3.1818181818181817,2.0,0.194,0.09788
448,2021-07-14,136029,5099,8209,10250,786,0,373,3.143712574850299,2.0,0.134,0.09788
449,2021-07-15,136000,5059,8278,10315,792,0,373,2.9292452830188678,2.0,0.114,0.09788
450,2021-07-16,135980,5048,8307,10379,800,0,375,3.0382513661202184,2.0,0.156,0.09788
451,2021-07-17,135949,5037,8348,10487,807,0,376,2.704663212435233,2.0,0.212,0.09788
452,2021-07-18,135890,5083,8361,10521,808,0,376,3.391812865497076,3.0,0.192,0.09788
453,2021-07-19,135855,5103,8375,10554,810,0,377,3.0628930817610063,2.0,0.234,0.09788
454,2021-07-20,135811,5126,8392,10658,817,0,381,2.732142857142857,2.0,0.084,0.09788
455,2021-07-21,135791,5131,8405,10700,818,0,383,2.883116883116883,2.0,0.132,0.09788
456,2021-07-22,135759,5140,8423,10774,823,0,388,3.0588235294117645,2.0,0.198,0.09788
457,2021-07-23,135712,5138,8470,10799,825,0,390,2.5543478260869565,2.0,0.218,0.09788
458,2021-07-24,135658,5172,8489,10839,826,0,391,2.988095238095238,2.0,0.228,0.09788
459,2021-07-25,135603,5195,8520,10909,829,0,392,2.949438202247191,2.5,0.21,0.09788
460,2021-07-26,135557,5162,8598,11021,835,0,393,3.1497584541062804,2.0,0.13,0.09788
461,2021-07-27,135520,5197,8598,11080,836,0,395,2.7797619047619047,2.0,0.174,0.09788
462,2021-07-28,135483,5204,8627,11168,841,0,396,2.95,2.0,0.196,0.09788
463,2021-07-29,135440,5265,8606,11232,842,0,399,3.7884615384615383,3.0,0.144,0.09788
464,2021-07-30,135414,5260,8635,11341,844,0,401,3.5157894736842104,3.0,0.136,0.09788
465,2021-07-31,135387,5245,8675,11399,845,0,403,3.1927083333333335,2.0,0.144,0.09788
466,2021-08-01,135351,5298,8656,11449,846,0,405,3.214765100671141,3.0,0.118,0.09788
467,2021-08-02,135329,5284,8689,11553,849,0,408,3.132596685082873,3.0,0.082,0.09788
468,2021-08-03,135319,5240,8741,11614,852,0,410,2.8118279569892475,2.0,0.122,0.09788
469,2021-08-04,135289,5273,8738,11671,852,0,410,3.668711656441718,3.0,0.164,0.09788
470,2021-08-05,135260,5279,8761,11702,853,0,410,3.051282051282051,3.0,0.108,0.09788
471,2021-08-06,135232,5316,8749,11792,859,0,413,3.7865853658536586,3.0,0.1,0.09788
472,2021-08-07,135213,5339,8744,11904,861,0,414,3.5460526315789473,3.0,0.134,0.09788
473,2021-08-08,135190,5339,8766,12015,864,0,415,2.994285714285714,2.0,0.226,0.09788
474,2021-08-09,135144,5388,8758,12130,868,0,420,3.7791411042944785,3.0,0.182,0.09788
475,2021-08-10,135110,5406,8774,12215,869,0,420,3.3431952662721893,3.0,0.18,0.09788
476,2021-08-11,135077,5415,8797,12268,869,0,421,3.184357541899441,2.0,0.224,0.09788
477,2021-08-12,135015,5435,8835,12377,870,0,425,3.4589371980676327,2.0,0.142,0.09788
478,2021-08-13,134986,5457,8837,12506,870,0,430,3.2267441860465116,3.0,0.09,0.09788
479,2021-08-14,134966,5454,8858,12570,872,0,432,3.616279069767442,3.0,0.154,0.09788
480,2021-08-15,134928,5468,8879,12706,874,0,435,3.818681318681319,3.0,0.142,0.09788
481,2021-08-16,134891,5456,8926,12820,877,0,437,3.1797235023041477,2.0,0.122,0.09788
482,2021-08-17,134852,5481,8939,12918,878,0,438,3.3240223463687153,3.0,0.104,0.09788
483,2021-08-18,134828,5474,8970,13049,880,0,438,3.099476439790576,2.0,0.228,0.09788
484,2021-08-19,134774,5521,8977,13142,880,0,438,3.3773584905660377,3.0,0.136,0.09788
485,2021-08-20,134751,5524,8995,13234,881,0,440,3.432098765432099,3.0,0.1,0.09788
486,2021-08-21,134725,5510,9033,13293,882,0,442,3.5,3.0,0.138,0.09788
487,2021-08-22,134696,5479,9088,13417,886,0,447,3.3366336633663365,3.0,0.094,0.09788
488,2021-08-23,134678,5444,9135,13535,887,0,453,3.288557213930348,3.0,0.17,0.09788
489,2021-08-24,134628,5489,9133,13581,888,0,460,3.32183908045977,2.0,0.216,0.09788
490,2021-08-25,134584,5489,9176,13712,890,0,461,3.1182266009852215,3.0,0.136,0.09788
491,2021-08-26,134555,5487,9205,13813,891,0,463,3.5026737967914436,3.0,0.19,0.09788
492,2021-08-27,134507,5478,9256,13831,891,0,469,3.3364055299539173,3.0,0.142,0.09788
493,2021-08-28,134476,5504,9261,13900,891,0,469,3.3567567567567567,2.0,0.102,0.09788
494,2021-08-29,134451,5496,9293,14019,890,1,470,3.4293785310734464,3.0,0.156,0.09788
495,2021-08-30,134405,5520,9314,14094,889,3,471,3.0742574257425743,2.0,0.162,0.09788
496,2021-08-31,134372,5545,9321,14184,887,7,472,3.688622754491018,3.0,0.224,0.09788
497,2021-09-01,134322,5613,9302,14233,882,14,473,3.6971830985915495,3.5,0.154,0.09788
498,2021-09-02,134288,5608,9337,14281,880,16,477,3.63265306122449,3.0,0.206,0.09788
499,2021-09-03,134230,5621,9380,14349,874,22,479,3.2388059701492535,3.0,0.102,0.09788
500,2021-09-04,134210,5596,9422,14479,870,29,482,3.54228855721393,3.0,0.2,0.09788
501,2021-09-05,134156,5664,9406,14606,857,46,484,3.68,3.0,0.114,0.09788
502,2021-09-06,134127,5687,9410,14640,857,51,486,3.617142857142857,3.0,0.17,0.09788
503,2021-09-07,134083,5704,9436,14741,851,63,487,3.3962264150943398,3.0,0.234,0.09788
504,2021-09-08,134036,5751,9434,14786,844,71,489,3.2620320855614975,3.0,0.176,0.09788
505,2021-09-09,133993,5775,9448,14836,832,83,494,3.74468085106383,3.0,0.122,0.09788
506,2021-09-10,133968,5763,9483,14909,820,101,496,3.2246696035242293,2.0,0.088,0.09788
507,2021-09-11,133948,5744,9518,14996,803,125,500,3.6597938144329896,3.0,0.228,0.09788
508,2021-09-12,133901,5785,9522,15082,789,147,502,3.7514792899408285,3.0,0.212,0.09788
509,2021-09-13,133857,5808,9542,15180,779,171,503,3.933673469387755,3.0,0.164,0.09788
510,2021-09-14,133816,5826,9562,15205,778,175,506,3.3317073170731706,3.0,0.156,0.09788
511,2021-09-15,133771,5824,9608,15301,765,209,507,3.4558823529411766,2.0,0.198,0.09788
512,2021-09-16,133727,5833,9641,15359,754,226,509,3.505434782608696,3.0,0.12,0.09788
513,2021-09-17,133701,5840,9658,15420,747,246,511,3.320388349514563,3.0,0.144,0.09788
514,2021-09-18,133668,5867,9663,15440,750,254,512,3.5454545454545454,3.0,0.158,0.09788
515,2021-09-19,133626,5895,9674,15490,747,262,515,3.3511904761904763,2.5,0.176,0.09788
516,2021-09-20,133580,5940,9671,15523,738,279,519,3.9005847953216373,3.0,0.222,0.09788
517,2021-09-21,133525,6026,9639,15570,735,292,520,3.5180722891566263,3.0,0.118,0.09788
518,2021-09-22,133497,5987,9705,15620,734,310,521,3.4200913242009134,3.0,0.182,0.09788
519,2021-09-23,133449,6019,9719,15687,721,341,523,3.4876847290640396,3.0,0.126,0.09788
520,2021-09-24,133415,6020,9749,15772,706,386,526,3.6810810810810812,3.0,0.184,0.09788
521,2021-09-25,133371,6037,9773,15792,706,391,529,3.264423076923077,2.0,0.236,0.09788
522,2021-09-26,133310,6073,9794,15824,705,405,533,3.824644549763033,3.0,0.164,0.09788
523,2021-09-27,133274,6116,9784,15901,692,443,536,3.4615384615384617,3.0,0.222,0.09788
524,2021-09-28,133205,6147,9821,15982,681,484,537,4.20353982300885,3.0,0.1,0.09788
525,2021-09-29,133181,6151,9838,16064,691,507,540,3.671875,3.0,0.088,0.09788
526,2021-09-30,133160,6121,9883,16112,689,525,546,3.8142857142857145,3.0,0.198,0.09788
527,2021-10-01,133110,6167,9886,16178,693,545,547,3.900523560209424,3.0,0.218,0.09788
528,2021-10-02,133058,6165,9938,16269,704,560,549,3.2570093457943927,3.0,0.19,0.09788
529,2021-10-03,133000,6238,9922,16352,701,581,550,3.778409090909091,3.0,0.104,0.09788
530,2021-10-04,132968,6213,9974,16420,701,591,555,3.4691358024691357,3.0,0.198,0.09788
531,2021-10-05,132918,6234,10002,16453,700,597,556,3.974747474747475,4.0,0.202,0.09788
532,2021-10-06,132868,6242,10041,16531,709,604,559,3.550218340611354,3.0,0.134,0.09788
533,2021-10-07,132835,6211,10103,16595,718,615,561,3.4316239316239314,3.0,0.158,0.09788
534,2021-10-08,132794,6201,10151,16634,718,624,564,3.919811320754717,3.0,0.2,0.09788
535,2021-10-09,132746,6207,10185,16708,720,643,572,3.916279069767442,4.0,0.206,0.09788
536,2021-10-10,132698,6260,10179,16744,723,649,573,3.994285714285714,3.0,0.238,0.09788
537,2021-10-11,132650,6263,10223,16762,721,654,574,3.4761904761904763,3.0,0.152,0.09788
538,2021-10-12,132620,6264,10250,16789,728,659,576,3.8036529680365296,3.0,0.148,0.09788
539,2021-10-13,132585,6267,10279,16814,727,664,579,3.5515695067264574,3.0,0.17,0.09788
540,2021-10-14,132536,6275,10317,16907,745,679,582,3.1683168316831685,2.0,0.168,0.09788
541,2021-10-15,132501,6301,10324,17033,752,704,584,4.082901554404145,3.0,0.116,0.09788
542,2021-10-16,132470,6293,10362,17092,750,716,585,3.915492957746479,3.0,0.084,0.09788
543,2021-10-17,132459,6291,10373,17164,752,727,587,3.8229166666666665,3.0,0.188,0.09788
544,2021-10-18,132410,6339,10373,17308,758,744,588,3.770408163265306,3.0,0.17,0.09788
545,2021-10-19,132370,6327,10424,17337,756,751,589,3.587962962962963,3.0,0.196,0.09788
546,2021-10-20,132313,6294,10509,17370,757,760,594,3.5992063492063493,3.0,0.214,0.09788
547,2021-10-21,132247,6377,10491,17397,759,762,595,3.7222222222222223,3.0,0.196,0.09788
548,2021-10-22,132198,6377,10537,17458,771,766,598,4.008510638297873,4.0,0.216,0.09788
549,2021-10-23,132139,6438,10530,17599,784,778,603,3.6559139784946235,3.0,0.208,0.09788
550,2021-10-24,132073,6452,10580,17685,783,788,605,4.057777777777778,3.0,0.23,0.09788
551,2021-10-25,132014,6464,10624,17747,790,789,608,3.534412955465587,3.0,0.19,0.09788
552,2021-10-26,131971,6486,10643,17769,792,790,610,3.5849056603773586,3.0,0.202,0.09788
553,2021-10-27,131931,6456,10706,17840,795,799,617,3.6342412451361867,3.0,0.18,0.09788
554,2021-10-28,131886,6516,10687,17897,798,803,621,3.622448979591837,3.0,0.22,0.09788
555,2021-10-29,131826,6593,10670,17957,805,803,621,4.461111111111111,4.0,0.216,0.09788
556,2021-10-30,131768,6608,10710,18010,811,805,624,3.818565400843882,3.0,0.132,0.09788
557,2021-10-31,131734,6617,10734,18144,822,811,625,3.900943396226415,3.0,0.156,0.09788
558,2021-11-01,131690,6587,10806,18273,820,818,627,3.7309236947791167,3.0,0.22,0.09788
559,2021-11-02,131622,6625,10831,18330,820,821,632,3.7155963302752295,3.0,0.2,0.09788
560,2021-11-03,131565,6669,10838,18361,818,825,638,3.287671232876712,3.0,0.09,0.09788
561,2021-11-04,131548,6654,10868,18408,823,827,640,3.8354430379746836,3.0,0.122,0.09788
562,2021-11-05,131513,6698,10856,18537,829,832,643,3.9408866995073892,3.0,0.162,0.09788
563,2021-11-06,131478,6726,10860,18615,830,835,646,3.5346534653465347,3.0,0.174,0.09788
564,2021-11-07,131431,6741,10887,18680,837,835,651,3.9638009049773757,3.0,0.214,0.09788
565,2021-11-08,131380,6765,10912,18763,842,836,653,3.93859649122807,3.0,0.09,0.09788
566,2021-11-09,131345,6788,10922,18815,842,840,655,3.4460093896713615,3.0,0.24,0.09788
567,2021-11-10,131275,6848,10929,18911,843,847,658,4.0,3.0,0.1,0.09788
568,2021-11-11,131246,6873,10927,19003,850,851,664,3.756637168141593,3.0,0.166,0.09788
569,2021-11-12,131194,6917,10931,19041,852,851,668,3.5476190476190474,3.0,0.132,0.09788
570,2021-11-13,131167,6891,10984,19152,854,852,668,3.817351598173516,3.0,0.114,0.09788
571,2021-11-14,131138,6912,10987,19200,854,853,673,4.278048780487805,4.0,0.238,0.09788
572,2021-11-15,131090,6970,10975,19301,864,856,675,4.7105263157894735,4.0,0.182,0.09788
573,2021-11-16,131045,6982,11004,19364,865,856,679,3.4385245901639343,3.0,0.108,0.09788
574,2021-11-17,130997,7046,10985,19470,865,862,682,3.9558823529411766,3.0,0.206,0.09788
575,2021-11-18,130940,7121,10963,19543,870,862,686,3.8447488584474887,3.0,0.13,0.09788
576,2021-11-19,130916,7119,10988,19576,871,862,687,3.4980988593155895,3.0,0.186,0.09788
577,2021-11-20,130873,7119,11028,19672,870,865,690,3.7702127659574467,3.0,0.134,0.09788
578,2021-11-21,130844,7091,11083,19727,872,866,692,3.6153846153846154,3.0,0.22,0.09788
579,2021-11-22,130789,7097,11131,19772,872,867,693,3.8661087866108788,3.0,0.202,0.09788
580,2021-11-23,130728,7092,11196,19847,870,869,694,4.158301158301159,3.0,0.142,0.09788
581,2021-11-24,130700,7056,11257,19946,873,874,697,3.6923076923076925,3.0,0.142,0.09788
582,2021-11-25,130661,7047,11305,20035,875,875,697,3.951541850220264,3.0,0.088,0.09788
583,2021-11-26,130629,7004,11379,20100,872,878,698,3.91015625,3.0,0.212,0.09788
584,2021-11-27,130560,7027,11419,20160,872,879,704,3.649805447470817,3.0,0.102,0.09788
585,2021-11-28,130541,6990,11473,20252,875,879,706,3.9206349206349205,3.0,0.214,0.09788
586,2021-11-29,130492,7029,11482,20325,875,879,707,3.981900452488688,4.0,0.16,0.09788
587,2021-11-30,130458,7041,11502,20388,874,882,709,3.4840182648401825,3.0,0.086,0.09788
588,2021-12-01,130438,6988,11573,20431,876,883,711,3.6875,3.0,0.092,0.09788
589,2021-12-02,130410,6937,11650,20478,878,884,713,3.8669201520912546,3.0,0.122,0.09788
590,2021-12-03,130377,6935,11684,20518,878,884,714,4.18018018018018,4.0,0.128,0.09788
591,2021-12-04,130342,6909,11743,20557,878,885,716,4.271255060728745,4.0,0.204,0.09788
592,2021-12-05,130295,6928,11769,20598,878,886,718,4.1173913043478265,4.0,0.112,0.09788
593,2021-12-06,130258,6939,11793,20677,880,888,720,3.614406779661017,3.0,0.18,0.09788
594,2021-12-07,130211,6948,11830,20779,881,890,721,4.150793650793651,3.0,0.216,0.09788
595,2021-12-08,130156,6956,11872,20856,881,893,726,3.7838983050847457,3.0,0.17,0.09788
596,2021-12-09,130123,6906,11951,20904,880,896,730,3.6607142857142856,3.0,0.1,0.09788
597,2021-12-10,130102,6891,11984,21019,875,902,733,4.223107569721115,4.0,0.116,0.09788
598,2021-12-11,130067,6890,12016,21114,877,906,737,3.9803149606299213,4.0,0.196,0.09788
599,2021-12-12,130027,6968,11976,21207,871,913,739,3.994818652849741,4.0,0.08,0.09788
600,2021-12-13,130006,6990,11972,21308,869,919,742,4.336283185840708,4.0,0.136,0.09788
601,2021-12-14,129976,6966,12022,21377,868,923,746,3.9879032258064515,3.0,0.118,0.09788
602,2021-12-15,129942,6965,12055,21485,859,936,748,4.38671875,4.0,0.206,0.09788
603,2021-12-16,129888,6980,12093,21600,855,947,749,3.764925373134328,3.0,0.088,0.09788
604,2021-12-17,129865,6906,12186,21628,854,949,753,4.26530612244898,3.0,0.206,0.09788
605,2021-12-18,129808,6954,12189,21647,856,949,759,4.486590038314176,4.0,0.172,0.09788
606,2021-12-19,129754,7001,12192,21782,855,960,763,4.004255319148936,3.0,0.23,0.09788
607,2021-12-20,129698,7044,12202,21860,854,964,766,4.287671232876712,3.0,0.206,0.09788
608,2021-12-21,129650,7070,12221,21905,855,967,769,3.938775510204082,3.0,0.234,0.09788
609,2021-12-22,129596,7100,12244,22032,849,981,770,4.070866141732283,3.0,0.202,0.09788
610,2021-12-23,129546,7151,12240,22149,849,993,773,4.363636363636363,4.0,0.126,0.09788
611,2021-12-24,129513,7186,12233,22235,843,1006,778,4.0963302752293576,3.0,0.084,0.09788
612,2021-12-25,129498,7215,12216,22344,845,1014,781,4.450704225352113,4.0,0.236,0.09788
613,2021-12-26,129438,7183,12305,22390,841,1020,784,3.9107142857142856,3.0,0.232,0.09788
614,2021-12-27,129386,7220,12319,22496,826,1041,785,4.437209302325582,4.0,0.15,0.09788
615,2021-12-28,129346,7239,12337,22573,818,1059,788,4.123076923076923,3.0,0.24,0.09788
616,2021-12-29,129298,7297,12322,22637,817,1067,793,4.259740259740259,4.0,0.132,0.09788
617,2021-12-30,129263,7378,12270,22749,802,1092,799,4.522167487684729,4.0,0.192,0.09788
618,2021-12-31,129219,7430,12259,22856,788,1115,802,4.523584905660377,4.0,0.164,0.09788
619,2022-01-01,129184,7431,12291,22890,782,1127,804,4.195454545454545,4.0,0.134,0.09788
620,2022-01-02,129150,7459,12295,22967,777,1145,806,4.167420814479638,4.0,0.138,0.09788
621,2022-01-03,129119,7434,12348,23045,768,1164,809,4.393574297188755,4.0,0.11,0.09788
622,2022-01-04,129090,7433,12372,23156,775,1182,815,4.352226720647773,4.0,0.118,0.09788
623,2022-01-05,129064,7423,12404,23202,770,1192,819,4.203065134099617,3.0,0.228,0.09788
624,2022-01-06,129006,7463,12419,23291,772,1212,822,3.8114754098360657,3.0,0.22,0.09788
625,2022-01-07,128954,7509,12423,23314,769,1217,824,4.6347826086956525,4.0,0.128,0.09788
626,2022-01-08,128926,7555,12404,23378,767,1231,825,4.75,4.0,0.11,0.09788
627,2022-01-09,128901,7562,12419,23424,773,1239,828,4.375494071146245,4.0,0.232,0.09788
628,2022-01-10,128831,7561,12487,23509,776,1256,831,4.287822878228782,3.0,0.18,0.09788
629,2022-01-11,128785,7589,12505,23609,777,1269,831,4.641129032258065,4.0,0.16,0.09788
630,2022-01-12,128751,7603,12522,23681,776,1282,834,3.9910714285714284,3.0,0.158,0.09788
631,2022-01-13,128726,7574,12574,23730,768,1299,836,4.490196078431373,4.0,0.208,0.09788
632,2022-01-14,128683,7578,12613,23767,762,1313,836,4.137809187279152,3.0,0.118,0.09788
633,2022-01-15,128650,7626,12595,23846,758,1324,839,4.413636363636364,4.0,0.138,0.09788
634,2022-01-16,128611,7585,12675,23971,747,1355,839,4.213592233009709,4.0,0.132,0.09788
635,2022-01-17,128579,7551,12736,24004,757,1361,844,4.156028368794326,3.0,0.14,0.09788
636,2022-01-18,128549,7563,12749,24065,756,1374,849,3.9656488549618323,3.0,0.112,0.09788
637,2022-01-19,128516,7532,12809,24094,753,1381,853,4.435424354243542,4.0,0.216,0.09788
638,2022-01-20,128455,7521,12879,24227,755,1404,855,4.433098591549296,4.0,0.168,0.09788
639,2022-01-21,128422,7525,12906,24247,753,1413,857,4.0,3.0,0.192,0.09788
640,2022-01-22,128380,7543,12929,24351,751,1438,858,4.07905138339921,4.0,0.084,0.09788
641,2022-01-23,128362,7531,12958,24389,751,1444,859,4.818181818181818,4.0,0.156,0.09788
642,2022-01-24,128327,7512,13010,24431,748,1457,861,4.080645161290323,3.0,0.13,0.09788
643,2022-01-25,128298,7525,13023,24514,759,1473,864,3.8492063492063493,3.0,0.096,0.09788
644,2022-01-26,128277,7500,13064,24603,764,1486,869,4.193548387096774,3.0,0.156,0.09788
645,2022-01-27,128237,7515,13084,24688,759,1506,874,4.484429065743945,4.0,0.196,0.09788
646,2022-01-28,128198,7525,13109,24774,771,1519,878,4.454225352112676,4.0,0.208,0.09788
647,2022-01-29,128159,7562,13106,24898,769,1539,883,4.454545454545454,4.0,0.13,0.09788
648,2022-01-30,128133,7632,13060,24975,775,1545,885,4.289592760180995,3.0,0.174,0.09788
649,2022-01-31,128081,7692,13051,25065,778,1565,886,4.642570281124498,4.0,0.146,0.09788
650,2022-02-01,128053,7713,13056,25169,784,1576,888,4.290178571428571,3.5,0.208,0.09788
651,2022-02-02,128001,7747,13069,25248,792,1587,893,4.524390243902439,4.0,0.08,0.09788
652,2022-02-03,127981,7745,13090,25370,801,1597,894,4.47808764940239,4.0,0.172,0.09788
653,2022-02-04,127950,7752,13110,25461,797,1609,898,4.176056338028169,3.0,0.14,0.09788
654,2022-02-05,127918,7758,13132,25553,800,1616,902,4.307971014492754,3.0,0.176,0.09788
655,2022-02-06,127868,7754,13180,25691,804,1625,908,4.865248226950355,4.5,0.232,0.09788
656,2022-02-07,127827,7770,13205,25745,803,1629,908,4.726923076923077,4.0,0.106,0.09788
657,2022-02-08,127803,7800,13194,25824,817,1635,913,3.6444444444444444,3.0,0.09,0.09788
658,2022-02-09,127785,7729,13281,25914,820,1642,915,4.536231884057971,4.0,0.196,0.09788
659,2022-02-10,127740,7784,13268,25956,821,1645,918,4.432773109243698,4.0,0.13,0.09788
660,2022-02-11,127712,7834,13243,26014,823,1648,921,5.053097345132743,4.0,0.226,0.09788
661,2022-02-12,127654,7862,13266,26058,821,1655,928,4.522648083623693,4.0,0.172,0.09788
662,2022-02-13,127612,7866,13302,26174,823,1668,930,4.552238805970149,4.0,0.08,0.09788
663,2022-02-14,127590,7859,13327,26297,831,1678,934,4.861940298507463,5.0,0.166,0.09788
664,2022-02-15,127553,7903,13315,26330,834,1679,939,4.899193548387097,4.0,0.15,0.09788
665,2022-02-16,127518,7883,13369,26431,834,1689,940,4.394160583941606,4.0,0.104,0.09788
666,2022-02-17,127488,7891,13389,26585,833,1702,942,4.333333333333333,3.5,0.182,0.09788
667,2022-02-18,127443,7906,13417,26690,836,1706,944,4.333333333333333,3.0,0.198,0.09788
668,2022-02-19,127402,7896,13463,26758,834,1709,949,4.561264822134388,4.0,0.152,0.09788
669,2022-02-20,127376,7896,13486,26825,839,1713,952,4.752767527675276,4.0,0.234,0.09788
670,2022-02-21,127307,7978,13470,26868,841,1715,955,4.908695652173913,4.0,0.084,0.09788
671,2022-02-22,127288,7974,13491,26933,845,1719,957,4.2663755458515285,3.0,0.182,0.09788
672,2022-02-23,127238,8037,13476,26996,848,1723,959,4.649056603773585,4.0,0.156,0.09788
673,2022-02-24,127198,8051,13501,27023,850,1723,960,4.838582677165355,4.0,0.164,0.09788
674,2022-02-25,127158,8019,13567,27135,850,1728,966,4.4506578947368425,4.0,0.08,0.09788
675,2022-02-26,127135,7984,13621,27282,851,1736,970,4.5646258503401365,4.0,0.194,0.09788
676,2022-02-27,127079,7987,13672,27315,854,1736,972,4.338870431893688,4.0,0.126,0.09788
677,2022-02-28,127047,7993,13695,27382,853,1737,975,4.883161512027492,4.0,0.088,0.09788
678,2022-03-01,127030,7971,13732,27480,857,1742,977,4.43042071197411,4.0,0.148,0.09788
679,2022-03-02,126995,7991,13741,27579,863,1745,983,4.889795918367347,4.0,0.228,0.09788
680,2022-03-03,126930,8028,13761,27632,865,1746,991,4.7178571428571425,4.0,0.208,0.09788
681,2022-03-04,126872,8078,13766,27678,867,1749,994,4.7269076305220885,4.0,0.238,0.09788
682,2022-03-05,126792,8110,13808,27746,866,1752,1000,5.175257731958763,5.0,0.162,0.09788
683,2022-03-06,126750,8153,13801,27848,872,1752,1006,4.75886524822695,4.0,0.176,0.09788
684,2022-03-07,126686,8199,13815,27983,873,1754,1010,4.280575539568345,3.0,0.194,0.09788
685,2022-03-08,126635,8213,13848,28053,874,1755,1014,4.561594202898551,4.0,0.152,0.09788
686,2022-03-09,126595,8228,13871,28153,874,1757,1016,5.04,4.0,0.172,0.09788
687,2022-03-10,126544,8317,13828,28254,874,1758,1021,5.239024390243903,5.0,0.112,0.09788
688,2022-03-11,126522,8290,13870,28396,869,1768,1028,4.6689419795221845,4.0,0.124,0.09788
689,2022-03-12,126487,8282,13909,28449,869,1772,1032,5.228260869565218,4.0,0.098,0.09788
690,2022-03-13,126459,8263,13951,28505,869,1774,1037,4.40952380952381,4.0,0.188,0.09788
691,2022-03-14,126419,8273,13974,28607,870,1777,1044,4.613970588235294,4.0,0.142,0.09788
692,2022-03-15,126380,8319,13964,28649,870,1779,1047,5.015325670498084,4.0,0.11,0.09788
693,2022-03-16,126341,8335,13985,28746,871,1783,1049,5.027397260273973,4.5,0.148,0.09788
694,2022-03-17,126300,8389,13966,28847,872,1788,1055,5.125984251968504,5.0,0.19,0.09788
695,2022-03-18,126242,8457,13955,28902,872,1790,1056,4.600806451612903,4.0,0.204,0.09788
696,2022-03-19,126186,8492,13972,28997,871,1794,1060,4.375,4.0,0.118,0.09788
697,2022-03-20,126149,8560,13938,29035,871,1795,1063,4.222222222222222,3.0,0.126,0.09788
698,2022-03-21,126104,8585,13953,29100,870,1798,1068,5.202952029520295,5.0,0.222,0.09788
699,2022-03-22,126052,8562,14022,29199,871,1803,1074,4.541666666666667,4.0,0.23,0.09788
700,2022-03-23,125969,8710,13954,29264,872,1805,1077,4.862222222222222,4.0,0.17,0.09788
701,2022-03-24,125934,8634,14061,29353,869,1812,1081,4.7682926829268295,4.0,0.132,0.09788
702,2022-03-25,125905,8638,14083,29387,868,1814,1084,4.850746268656716,4.0,0.088,0.09788
703,2022-03-26,125885,8665,14075,29432,866,1823,1085,4.9375,4.0,0.204,0.09788
704,2022-03-27,125834,8714,14077,29463,867,1824,1085,5.308880308880309,4.0,0.11,0.09788
705,2022-03-28,125804,8703,14116,29527,864,1829,1087,4.348684210526316,3.0,0.084,0.09788
706,2022-03-29,125788,8664,14167,29647,862,1835,1091,5.074074074074074,5.0,0.09,0.09788
707,2022-03-30,125763,8614,14237,29733,860,1840,1096,5.209059233449477,5.0,0.14,0.09788
708,2022-03-31,125722,8654,14236,29790,858,1848,1098,4.690566037735849,4.0,0.142,0.09788
709,2022-04-01,125681,8642,14285,29820,855,1853,1102,4.719242902208202,4.0,0.146,0.09788
710,2022-04-02,125634,8637,14333,29855,853,1857,1106,4.297658862876254,3.0,0.11,0.09788
711,2022-04-03,125597,8609,14392,29902,847,1868,1112,4.411764705882353,4.0,0.126,0.09788
712,2022-04-04,125565,8596,14430,29980,841,1879,1119,5.055384615384615,4.0,0.118,0.09788
713,2022-04-05,125534,8551,14504,30073,841,1890,1121,4.419753086419753,3.0,0.184,0.09788
714,2022-04-06,125468,8570,14550,30160,829,1906,1122,4.9206896551724135,4.0,0.126,0.09788
715,2022-04-07,125424,8526,14633,30257,833,1915,1127,4.711111111111111,4.0,0.19,0.09788
716,2022-04-08,125367,8563,14651,30331,836,1924,1129,4.928571428571429,4.0,0.114,0.09788
717,2022-04-09,125332,8586,14661,30424,829,1940,1131,4.992481203007519,4.5,0.1,0.09788
718,2022-04-10,125296,8621,14656,30488,828,1947,1137,5.0783582089552235,5.0,0.24,0.09788
719,2022-04-11,125230,8618,14722,30526,831,1952,1140,4.95945945945946,4.0,0.164,0.09788
720,2022-04-12,125165,8656,14743,30541,828,1960,1146,4.638297872340425,4.0,0.2,0.09788
721,2022-04-13,125080,8715,14768,30664,820,1975,1147,4.938110749185668,4.0,0.234,0.09788
722,2022-04-14,125007,8721,14832,30699,821,1979,1150,4.974025974025974,5.0,0.194,0.09788
723,2022-04-15,124949,8730,14878,30756,819,1987,1153,5.087662337662338,4.0,0.208,0.09788
724,2022-04-16,124880,8753,14921,30784,818,1994,1156,4.487341772151899,4.0,0.192,0.09788
725,2022-04-17,124811,8784,14953,30822,817,1998,1162,4.882352941176471,4.0,0.092,0.09788
726,2022-04-18,124780,8762,15006,30856,812,2005,1162,5.382636655948553,5.0,0.156,0.09788
727,2022-04-19,124735,8811,14995,30935,808,2020,1169,5.135135135135135,5.0,0.104,0.09788
728,2022-04-20,124691,8834,15013,31087,800,2043,1172,4.920415224913495,4.0,0.17,0.09788
729,2022-04-21,124614,8804,15115,31198,790,2067,1177,4.825737265415549,4.0,0.186,0.09788
730,2022-04-22,124550,8890,15088,31217,800,2068,1182,5.341269841269841,5.0,0.196,0.09788
731,2022-04-23,124483,8966,15079,31264,797,2076,1182,5.180147058823529,5.0,0.192,0.09788
732,2022-04-24,124406,9031,15088,31389,788,2099,1185,5.270903010033445,5.0,0.16,0.09788
733,2022-04-25,124347,9028,15144,31417,787,2106,1191,5.0064935064935066,4.0,0.092,0.09788
734,2022-04-26,124323,9007,15186,31482,781,2123,1194,5.112627986348123,4.0,0.138,0.09788
735,2022-04-27,124279,9091,15140,31567,776,2138,1200,5.682170542635659,5.0,0.224,0.09788
736,2022-04-28,124192,9196,15118,31618,772,2151,1204,5.434599156118144,5.0,0.162,0.09788
737,2022-04-29,124139,9223,15139,31700,764,2172,1209,4.826229508196722,4.0,0.114,0.09788
738,2022-04-30,124108,9231,15158,31790,763,2198,1213,5.075409836065574,4.0,0.2,0.09788
739,2022-05-01,124051,9243,15201,31832,760,2212,1215,5.08843537414966,4.5,0.196,0.09788
740,2022-05-02,123986,9262,15245,31856,756,2220,1217,5.020338983050848,4.0,0.144,0.09788
741,2022-05-03,123946,9245,15299,31908,750,2232,1220,5.448717948717949,5.0,0.214,0.09788
742,2022-05-04,123875,9296,15316,32013,752,2258,1223,5.383512544802867,5.0,0.218,0.09788
743,2022-05-05,123815,9329,15341,32068,750,2272,1225,4.737864077669903,4.0,0.16,0.09788
744,2022-05-06,123762,9387,15330,32154,757,2289,1231,4.9335793357933575,4.0,0.192,0.09788
745,2022-05-07,123711,9354,15410,32263,759,2307,1235,5.404833836858006,5.0,0.092,0.09788
746,2022-05-08,123680,9355,15438,32281,763,2309,1237,5.0899653979238755,5.0,0.21,0.09788
747,2022-05-09,123637,9366,15468,32376,764,2334,1239,5.085808580858086,4.0,0.238,0.09788
748,2022-05-10,123560,9432,15473,32389,764,2340,1245,4.911262798634812,4.0,0.172,0.09788
749,2022-05-11,123510,9446,15505,32427,768,2348,1249,4.8125,4.0,0.112,0.09788
750,2022-05-12,123477,9398,15583,32469,772,2353,1252,4.7349726775956285,4.0,0.198,0.09788
751,2022-05-13,123435,9400,15619,32524,766,2370,1256,4.525477707006369,3.0,0.19,0.09788
752,2022-05-14,123373,9423,15654,32608,770,2381,1260,4.570977917981073,4.0,0.118,0.09788
753,2022-05-15,123343,9379,15727,32699,772,2394,1261,4.6932153392330385,4.0,0.086,0.09788
754,2022-05-16,123316,9309,15821,32777,784,2411,1264,4.870056497175141,4.0,0.174,0.09788
755,2022-05-17,123264,9329,15853,32814,785,2416,1264,4.930795847750865,4.0,0.118,0.09788
756,2022-05-18,123223,9289,15932,32866,785,2422,1266,5.455072463768116,5.0,0.142,0.09788
757,2022-05-19,123179,9283,15979,32955,782,2436,1269,5.0673076923076925,4.0,0.192,0.09788
758,2022-05-20,123116,9292,16024,33073,780,2455,1278,4.551020408163265,4.0,0.228,0.09788
759,2022-05-21,123045,9311,16073,33130,786,2459,1281,4.923076923076923,4.0,0.118,0.09788
760,2022-05-22,123011,9283,16132,33230,789,2470,1284,4.557471264367816,4.0,0.186,0.09788
761,2022-05-23,122953,9256,16211,33295,791,2482,1290,4.75,4.0,0.17,0.09788
762,2022-05-24,122907,9301,16208,33386,790,2493,1294,4.79672131147541,4.0,0.226,0.09788
763,2022-05-25,122843,9331,16241,33404,795,2494,1295,5.404411764705882,5.0,0.12,0.09788
764,2022-05-26,122804,9284,16325,33511,800,2507,1297,5.631578947368421,5.0,0.236,0.09788
765,2022-05-27,122729,9334,16345,33543,805,2508,1302,4.599415204678363,4.0,0.154,0.09788
766,2022-05-28,122691,9328,16385,33649,800,2527,1306,4.981927710843373,5.0,0.174,0.09788
767,2022-05-29,122640,9359,16403,33697,796,2534,1308,5.140575079872204,5.0,0.24,0.09788
768,2022-05-30,122570,9430,16400,33795,802,2544,1310,4.9183006535947715,4.0,0.19,0.09788
769,2022-05-31,122511,9470,16416,33887,801,2554,1313,4.719745222929936,4.0,0.214,0.09788
770,2022-06-01,122456,9567,16370,33957,802,2562,1317,5.52542372881356,5.0,0.126,0.09788
771,2022-06-02,122421,9536,16432,34027,812,2565,1321,5.148484848484848,4.0,0.134,0.09788
772,2022-06-03,122375,9528,16482,34050,816,2565,1325,4.964912280701754,4.0,0.186,0.09788
773,2022-06-04,122313,9613,16454,34072,817,2567,1330,5.164133738601824,4.0,0.212,0.09788
774,2022-06-05,122251,9661,16467,34166,820,2575,1331,4.946308724832215,4.0,0.086,0.09788
775,2022-06-06,122228,9710,16439,34212,818,2580,1333,5.544827586206897,5.0,0.104,0.09788
776,2022-06-07,122202,9682,16489,34320,830,2584,1337,5.484076433121019,5.0,0.15,0.09788
777,2022-06-08,122158,9607,16604,34369,837,2584,1341,4.899721448467966,4.0,0.124,0.09788
778,2022-06-09,122135,9579,16653,34507,841,2590,1343,4.949101796407185,4.0,0.108,0.09788
779,2022-06-10,122110,9547,16704,34544,842,2591,1349,5.327044025157233,5.0,0.104,0.09788
780,2022-06-11,122083,9527,16747,34627,844,2595,1353,5.205696202531645,4.0,0.128,0.09788
781,2022-06-12,122052,9503,16797,34680,846,2599,1358,5.079881656804734,4.0,0.13,0.09788
782,2022-06-13,122020,9525,16805,34711,845,2601,1360,5.3232323232323235,5.0,0.192,0.09788
783,2022-06-14,121980,9578,16789,34779,848,2603,1363,5.436619718309859,5.0,0.17,0.09788
784,2022-06-15,121944,9553,16845,34871,846,2611,1368,5.543689320388349,5.0,0.216,0.09788
785,2022-06-16,121902,9568,16871,34934,848,2616,1369,5.5147540983606556,5.0,0.224,0.09788
786,2022-06-17,121856,9620,16861,35033,848,2624,1373,5.254901960784314,4.0,0.09,0.09788
787,2022-06-18,121832,9578,16926,35172,841,2637,1374,4.997159090909091,4.0,0.2,0.09788
788,2022-06-19,121780,9567,16986,35240,841,2640,1377,4.8107344632768365,4.0,0.152,0.09788
789,2022-06-20,121749,9545,17032,35324,844,2643,1384,5.291021671826625,5.0,0.08,0.09788
790,2022-06-21,121730,9482,17105,35410,844,2648,1393,5.097922848664688,4.0,0.16,0.09788
791,2022-06-22,121691,9489,17130,35459,845,2650,1400,5.142857142857143,5.0,0.098,0.09788
792,2022-06-23,121679,9494,17133,35600,846,2657,1404,4.92,4.0,0.082,0.09788
793,2022-06-24,121662,9494,17143,35681,851,2660,1411,5.006734006734007,4.0,0.182,0.09788
794,2022-06-25,121628,9417,17249,35712,850,2661,1416,5.051413881748072,4.0,0.23,0.09788
795,2022-06-26,121576,9395,17318,35769,854,2664,1421,5.677811550151976,5.0,0.166,0.09788
796,2022-06-27,121534,9396,17352,35876,855,2667,1428,5.125,5.0,0.158,0.09788
797,2022-06-28,121488,9355,17434,35955,860,2670,1433,5.384,5.0,0.17,0.09788
798,2022-06-29,121444,9350,17481,36031,859,2674,1435,5.182584269662922,5.0,0.204,0.09788
799,2022-06-30,121390,9268,17611,36101,858,2677,1441,5.122762148337596,4.0,0.144,0.09788
800,2022-07-01,121364,9283,17618,36252,864,2678,1445,5.096666666666667,4.0,0.236,0.09788
801,2022-07-02,121313,9297,17653,36279,863,2679,1447,5.4880239520958085,5.0,0.194,0.09788
802,2022-07-03,121271,9208,17780,36367,861,2683,1451,5.37046004842615,5.0,0.098,0.09788
803,2022-07-04,121248,9169,17840,36435,861,2688,1453,5.318840579710145,5.0,0.142,0.09788
804,2022-07-05,121208,9174,17868,36542,857,2696,1460,5.577712609970675,5.0,0.14,0.09788
805,2022-07-06,121177,9200,17869,36562,854,2699,1464,5.381118881118881,5.0,0.21,0.09788
806,2022-07-07,121139,9211,17893,36695,854,2708,1467,5.109154929577465,4.0,0.184,0.09788
807,2022-07-08,121085,9238,17913,36787,855,2714,1474,5.980392156862745,5.0,0.104,0.09788
808,2022-07-09,121068,9293,17872,36853,852,2720,1477,5.65034965034965,5.0,0.162,0.09788
809,2022-07-10,121033,9304,17895,36981,855,2726,1478,5.35472972972973,5.0,0.18,0.09788
810,2022-07-11,120991,9333,17903,37131,847,2742,1483,5.302547770700637,5.0,0.188,0.09788
811,2022-07-12,120949,9331,17943,37204,850,2743,1487,5.2037617554858935,4.0,0.188,0.09788
812,2022-07-13,120902,9343,17973,37264,851,2745,1492,5.329376854599406,5.0,0.136,0.09788
813,2022-07-14,120878,9352,17985,37334,849,2749,1495,5.334507042253521,5.0,0.15,0.09788
814,2022-07-15,120852,9331,18022,37376,848,2753,1505,5.26875,5.0,0.12,0.09788
815,2022-07-16,120819,9277,18106,37444,846,2761,1508,5.138028169014085,4.0,0.168,0.09788
816,2022-07-17,120793,9285,18118,37488,849,2763,1514,5.204472843450479,4.0,0.184,0.09788
817,2022-07-18,120748,9270,18173,37559,845,2769,1519,5.428571428571429,5.0,0.136,0.09788
818,2022-07-19,120726,9292,18168,37600,845,2773,1524,5.27906976744186,5.0,0.234,0.09788
819,2022-07-20,120673,9373,18136,37701,839,2787,1528,5.251824817518248,4.0,0.136,0.09788
820,2022-07-21,120649,9335,18193,37833,830,2799,1533,5.061624649859944,5.0,0.16,0.09788
821,2022-07-22,120634,9308,18232,37982,829,2810,1536,5.131147540983607,4.0,0.166,0.09788
822,2022-07-23,120600,9320,18251,38015,830,2814,1539,5.771043771043771,5.0,0.084,0.09788
823,2022-07-24,120584,9270,18316,38058,828,2819,1540,5.314102564102564,5.0,0.118,0.09788
824,2022-07-25,120561,9258,18349,38128,826,2828,1542,5.250825082508251,4.0,0.21,0.09788
825,2022-07-26,120515,9216,18432,38202,825,2837,1547,4.951289398280802,4.0,0.108,0.09788
826,2022-07-27,120498,9149,18514,38323,827,2849,1549,5.407185628742515,5.0,0.156,0.09788
827,2022-07-28,120468,9098,18590,38349,826,2851,1554,5.478632478632479,5.0,0.132,0.09788
828,2022-07-29,120447,9079,18623,38383,822,2856,1561,4.964401294498382,4.0,0.142,0.09788
829,2022-07-30,120414,9082,18650,38512,802,2886,1564,5.279365079365079,5.0,0.094,0.09788
830,2022-07-31,120398,9028,18716,38537,804,2889,1568,5.234104046242774,4.0,0.158,0.09788
831,2022-08-01,120367,9028,18739,38587,801,2897,1576,5.604294478527607,4.5,0.24,0.09788
832,2022-08-02,120310,9061,18760,38632,804,2903,1579,5.728758169934641,5.0,0.236,0.09788
833,2022-08-03,120264,9045,18813,38664,802,2910,1588,5.572254335260116,5.0,0.228,0.09788
834,2022-08-04,120207,9087,18819,38673,799,2916,1597,5.419871794871795,4.0,0.23,0.09788
835,2022-08-05,120159,9166,18785,38722,791,2933,1600,5.813559322033898,5.0,0.184,0.09788
836,2022-08-06,120121,9138,18845,38839,785,2956,1606,5.39039039039039,5.0,0.106,0.09788
837,2022-08-07,120094,9130,18874,38916,784,2981,1612,5.513196480938417,5.0,0.19,0.09788
838,2022-08-08,120049,9139,18906,38959,795,2983,1616,5.156351791530945,4.0,0.152,0.09788
839,2022-08-09,120023,9099,18969,39081,791,3005,1619,5.317784256559767,4.0,0.102,0.09788
840,2022-08-10,120009,9050,19031,39104,787,3011,1620,5.476340694006309,5.0,0.232,0.09788
841,2022-08-11,119949,9034,19102,39219,772,3038,1625,5.204022988505747,5.0,0.168,0.09788
842,2022-08-12,119923,9079,19079,39299,776,3054,1629,5.578231292517007,5.0,0.212,0.09788
843,2022-08-13,119880,9124,19073,39318,779,3056,1633,5.551839464882943,5.0,0.112,0.09788
844,2022-08-14,119862,9099,19109,39423,780,3076,1640,5.368770764119601,5.0,0.166,0.09788
845,2022-08-15,119823,9076,19164,39439,785,3079,1647,5.485981308411215,5.0,0.152,0.09788
846,2022-08-16,119781,9094,19181,39506,786,3086,1654,5.18348623853211,4.0,0.24,0.09788
847,2022-08-17,119714,9142,19195,39584,784,3100,1659,5.435185185185185,4.0,0.104,0.09788
848,2022-08-18,119682,9081,19285,39627,782,3105,1662,5.27887323943662,4.0,0.092,0.09788
849,2022-08-19,119658,9093,19289,39692,773,3121,1670,6.128526645768025,5.0,0.168,0.09788
850,2022-08-20,119624,9139,19269,39746,768,3134,1678,5.751798561151079,5.0,0.088,0.09788
851,2022-08-21,119603,9148,19276,39822,776,3152,1683,5.624595469255663,5.0,0.126,0.09788
852,2022-08-22,119566,9196,19262,39910,775,3173,1686,5.9961832061068705,5.0,0.176,0.09788
853,2022-08-23,119517,9187,19316,39957,773,3178,1690,5.56701030927835,5.0,0.178,0.09788
854,2022-08-24,119479,9198,19339,40074,763,3210,1694,5.637254901960785,5.0,0.12,0.09788
855,2022-08-25,119460,9249,19302,40114,766,3215,1699,5.220149253731344,4.0,0.134,0.09788
856,2022-08-26,119430,9259,19320,40236,781,3228,1701,5.62,5.0,0.12,0.09788
857,2022-08-27,119403,9229,19372,40270,775,3234,1706,5.427586206896552,4.0,0.238,0.09788
858,2022-08-28,119356,9198,19443,40296,780,3239,1713,5.8930817610062896,5.0,0.24,0.09788
859,2022-08-29,119308,9191,19494,40393,787,3252,1717,6.027397260273973,5.0,0.184,0.09788
860,2022-08-30,119273,9155,19561,40471,788,3266,1721,5.552147239263804,5.0,0.224,0.09788
861,2022-08-31,119223,9127,19638,40538,792,3272,1722,5.262686567164179,4.0,0.182,0.09788
862,2022-09-01,119193,9071,19719,40608,795,3278,1727,5.528528528528528,5.0,0.202,0.09788
863,2022-09-02,119146,9034,19793,40698,803,3285,1737,5.399433427762039,4.0,0.138,0.09788
864,2022-09-03,119120,8946,19900,40782,794,3299,1744,5.245989304812834,4.0,0.13,0.09788
865,2022-09-04,119089,8920,19952,40833,791,3306,1749,5.680781758957655,5.0,0.17,0.09788
866,2022-09-05,119035,8888,20036,40851,791,3307,1751,5.753753753753754,5.0,0.162,0.09788
867,2022-09-06,118993,8879,20083,40986,789,3326,1755,5.515822784810126,5.0,0.106,0.09788
868,2022-09-07,118971,8874,20107,41047,790,3335,1758,5.570957095709571,4.0,0.114,0.09788
869,2022-09-08,118947,8899,20101,41118,792,3345,1763,5.708955223880597,5.0,0.2,0.09788
870,2022-09-09,118907,8883,20151,41225,795,3355,1769,5.148484848484848,4.0,0.13,0.09788
871,2022-09-10,118872,8863,20199,41294,800,3363,1776,5.656891495601173,5.0,0.204,0.09788
872,2022-09-11,118833,8813,20285,41382,808,3371,1779,5.758720930232558,5.0,0.106,0.09788
873,2022-09-12,118804,8873,20248,41494,811,3380,1785,5.963768115942029,5.0,0.104,0.09788
874,2022-09-13,118778,8886,20257,41526,814,3381,1789,5.651006711409396,5.0,0.164,0.09788
875,2022-09-14,118733,8852,20331,41604,830,3384,1794,5.611594202898551,5.0,0.208,0.09788
876,2022-09-15,118676,8810,20423,41659,834,3387,1801,5.2168021680216805,4.0,0.146,0.09788
877,2022-09-16,118642,8809,20454,41679,838,3389,1805,5.484848484848484,5.0,0.188,0.09788
878,2022-09-17,118587,8798,20516,41760,834,3403,1809,6.1299093655589125,5.0,0.206,0.09788
879,2022-09-18,118547,8805,20545,41813,837,3409,1813,5.7407407407407405,5.0,0.158,0.09788
880,2022-09-19,118503,8783,20606,41891,832,3420,1818,5.8427672955974845,5.0,0.142,0.09788
881,2022-09-20,118479,8780,20626,42000,825,3439,1825,5.251612903225807,5.0,0.144,0.09788
882,2022-09-21,118432,8844,20604,42044,825,3444,1830,5.152482269503546,5.0,0.216,0.09788
883,2022-09-22,118360,8880,20636,42102,825,3449,1834,5.394321766561514,5.0,0.166,0.09788
884,2022-09-23,118307,8904,20662,42211,828,3466,1837,6.081504702194358,5.0,0.168,0.09788
885,2022-09-24,118262,8897,20710,42273,826,3471,1841,5.883870967741935,5.0,0.184,0.09788
886,2022-09-25,118211,8979,20672,42362,825,3480,1848,5.992307692307692,5.0,0.09,0.09788
887,2022-09-26,118189,8977,20694,42444,826,3486,1850,4.9825174825174825,4.0,0.102,0.09788
888,2022-09-27,118161,9012,20686,42497,826,3489,1851,5.544169611307421,5.0,0.112,0.09788
889,2022-09-28,118127,9038,20690,42577,827,3494,1855,5.897260273972603,5.0,0.238,0.09788
890,2022-09-29,118057,9088,20706,42613,826,3498,1859,5.207236842105263,4.0,0.122,0.09788
891,2022-09-30,118027,9100,20721,42718,833,3500,1862,5.98576512455516,5.0,0.194,0.09788
892,2022-10-01,117964,9126,20751,42784,829,3509,1869,5.518987341772152,5.0,0.164,0.09788
893,2022-10-02,117915,9167,20752,42901,836,3512,1876,6.465034965034965,5.0,0.136,0.09788
894,2022-10-03,117876,9194,20759,42948,836,3517,1881,5.95729537366548,5.0,0.134,0.09788
895,2022-10-04,117847,9180,20795,43020,841,3521,1888,5.325581395348837,5.0,0.082,0.09788
896,2022-10-05,117825,9161,20832,43090,842,3526,1892,5.521172638436482,5.0,0.096,0.09788
897,2022-10-06,117800,9130,20878,43132,842,3528,1902,5.919463087248322,5.0,0.118,0.09788
898,2022-10-07,117765,9169,20865,43179,846,3529,1911,6.078498293515358,5.0,0.156,0.09788
899,2022-10-08,117731,9129,20934,43229,844,3533,1916,5.578274760383387,5.0,0.122,0.09788
900,2022-10-09,117701,9099,20990,43306,841,3542,1920,6.149068322981367,5.0,0.2,0.09788
901,2022-10-10,117656,9113,21016,43386,843,3548,1925,5.5646258503401365,5.0,0.098,0.09788
902,2022-10-11,117637,9060,21084,43465,847,3551,1929,6.247023809523809,6.0,0.238,0.09788
903,2022-10-12,117582,9076,21115,43493,846,3553,1937,6.032154340836013,5.0,0.214,0.09788
904,2022-10-13,117515,9095,21154,43535,846,3556,1946,5.411575562700965,4.0,0.162,0.09788
905,2022-10-14,117469,9105,21184,43583,848,3556,1952,5.602446483180428,5.0,0.232,0.09788
906,2022-10-15,117408,9154,21196,43604,847,3560,1952,6.222972972972973,5.0,0.124,0.09788
907,2022-10-16,117381,9089,21284,43623,848,3561,1956,5.328125,4.0,0.232,0.09788
908,2022-10-17,117320,9089,21339,43697,846,3568,1962,5.512121212121212,5.0,0.162,0.09788
909,2022-10-18,117272,9134,21340,43716,845,3571,1964,5.942760942760943,5.0,0.17,0.09788
910,2022-10-19,117231,9149,21360,43774,848,3575,1970,6.237785016286645,6.0,0.21,0.09788
911,2022-10-20,117181,9146,21407,43854,845,3582,1976,5.569364161849711,4.0,0.156,0.09788
912,2022-10-21,117143,9114,21469,43904,849,3586,1984,5.409090909090909,4.0,0.138,0.09788
913,2022-10-22,117105,9070,21543,43997,845,3595,1992,5.593023255813954,5.0,0.198,0.09788
914,2022-10-23,117049,9078,21588,44052,845,3601,1995,5.514851485148514,5.0,0.202,0.09788
915,2022-10-24,117001,9071,21636,44075,845,3605,2002,5.845029239766082,5.0,0.11,0.09788
916,2022-10-25,116968,9083,21654,44121,845,3607,2005,6.306338028169014,5.0,0.154,0.09788
917,2022-10-26,116934,9073,21693,44295,839,3621,2010,5.9748427672955975,5.0,0.212,0.09788
918,2022-10-27,116857,9098,21741,44359,841,3625,2014,6.2924528301886795,6.0,0.16,0.09788
919,2022-10-28,116808,9049,21833,44448,851,3629,2020,5.688385269121813,5.0,0.232,0.09788
920,2022-10-29,116746,9061,21877,44521,848,3638,2026,6.261904761904762,6.0,0.092,0.09788
921,2022-10-30,116729,8986,21969,44538,843,3644,2026,5.973529411764706,5.0,0.132,0.09788
922,2022-10-31,116685,8962,22031,44616,841,3653,2032,5.875379939209727,5.0,0.08,0.09788
923,2022-11-01,116672,8915,22086,44770,851,3659,2037,5.964285714285714,5.0,0.154,0.09788
924,2022-11-02,116635,8913,22123,44905,848,3671,2039,6.139372822299651,5.0,0.196,0.09788
925,2022-11-03,116589,8916,22161,44946,849,3678,2044,6.416666666666667,6.0,0.17,0.09788
926,2022-11-04,116558,8973,22130,45083,846,3691,2049,6.367041198501872,6.0,0.214,0.09788
927,2022-11-05,116511,8972,22169,45221,841,3702,2058,6.228915662650603,5.0,0.232,0.09788
928,2022-11-06,116458,9033,22156,45259,837,3709,2063,6.208791208791209,6.0,0.152,0.09788
929,2022-11-07,116425,9066,22151,45373,827,3730,2068,6.486301369863014,5.0,0.196,0.09788
930,2022-11-08,116382,9088,22166,45477,831,3736,2074,5.873376623376624,5.0,0.194,0.09788
931,2022-11-09,116353,9124,22152,45589,825,3750,2081,6.628975265017668,6.0,0.124,0.09788
932,2022-11-10,116325,9073,22228,45635,823,3755,2084,6.104294478527607,6.0,0.15,0.09788
933,2022-11-11,116299,9025,22299,45780,828,3771,2087,5.609090909090909,5.0,0.162,0.09788
934,2022-11-12,116257,9023,22337,45840,830,3779,2093,5.8076923076923075,5.0,0.168,0.09788
935,2022-11-13,116227,8987,22398,45884,829,3785,2098,5.801749271137027,5.0,0.124,0.09788
936,2022-11-14,116208,9023,22380,45908,830,3788,2099,5.972762645914397,5.0,0.172,0.09788
937,2022-11-15,116166,9024,22414,46019,824,3803,2106,5.4787878787878785,5.0,0.22,0.09788
938,2022-11-16,116129,8978,22492,46084,828,3810,2111,6.5321637426900585,6.0,0.136,0.09788
939,2022-11-17,116090,8953,22551,46186,823,3823,2116,6.046583850931677,6.0,0.188,0.09788
940,2022-11-18,116058,8885,22645,46255,820,3833,2122,6.125730994152047,5.0,0.196,0.09788
941,2022-11-19,116030,8882,22672,46315,810,3846,2126,6.342679127725857,5.0,0.164,0.09788
942,2022-11-20,116001,8913,22666,46401,815,3852,2130,6.213333333333333,5.0,0.12,0.09788
943,2022-11-21,115986,8928,22661,46457,815,3859,2135,5.332258064516129,4.0,0.184,0.09788
944,2022-11-22,115949,8935,22685,46495,814,3865,2141,6.223214285714286,5.0,0.104,0.09788
945,2022-11-23,115926,8940,22696,46519,813,3867,2148,6.418918918918919,6.0,0.184,0.09788
946,2022-11-24,115888,8953,22713,46537,812,3872,2156,6.3896103896103895,6.0,0.126,0.09788
947,2022-11-25,115866,8935,22747,46616,811,3888,2162,5.3654970760233915,4.0,0.238,0.09788
948,2022-11-26,115815,8916,22815,46678,807,3895,2164,6.1245901639344265,5.0,0.142,0.09788
949,2022-11-27,115786,8918,22840,46762,799,3914,2166,5.378289473684211,4.0,0.158,0.09788
950,2022-11-28,115761,8963,22814,46799,794,3921,2172,6.599250936329588,6.0,0.15,0.09788
951,2022-11-29,115730,9021,22779,46815,792,3924,2180,6.00655737704918,5.0,0.232,0.09788
952,2022-11-30,115679,9113,22734,46857,784,3936,2184,6.3869731800766285,6.0,0.236,0.09788
953,2022-12-01,115632,9167,22722,46885,779,3951,2189,6.017543859649122,5.0,0.198,0.09788
954,2022-12-02,115600,9194,22725,46995,766,3972,2191,6.144329896907217,5.0,0.152,0.09788
955,2022-12-03,115571,9159,22789,47069,763,3984,2191,6.614197530864198,6.0,0.212,0.09788
956,2022-12-04,115512,9172,22830,47103,769,3988,2196,5.942249240121581,5.0,0.136,0.09788
957,2022-12-05,115494,9133,22883,47127,771,3993,2200,6.104477611940299,6.0,0.168,0.09788
958,2022-12-06,115466,9109,22931,47224,765,4016,2204,6.662576687116564,6.0,0.218,0.09788
959,2022-12-07,115407,9113,22977,47315,764,4029,2213,6.127659574468085,5.0,0.184,0.09788
960,2022-12-08,115359,9135,22999,47378,774,4039,2217,6.3,6.0,0.088,0.09788
961,2022-12-09,115345,9160,22983,47478,781,4053,2222,6.545454545454546,6.0,0.112,0.09788
962,2022-12-10,115319,9186,22980,47498,781,4055,2225,6.439716312056738,6.0,0.09,0.09788
963,2022-12-11,115296,9143,23041,47552,779,4065,2230,6.002976190476191,5.0,0.186,0.09788
964,2022-12-12,115264,9115,23095,47665,779,4083,2236,6.130293159609121,5.0,0.178,0.09788
965,2022-12-13,115228,9170,23070,47731,783,4095,2242,6.84641638225256,6.0,0.178,0.09788
966,2022-12-14,115197,9195,23074,47755,785,4097,2244,6.63030303030303,6.0,0.16,0.09788
967,2022-12-15,115163,9177,23123,47822,784,4109,2247,6.518518518518518,6.0,0.156,0.09788
968,2022-12-16,115140,9189,23126,47869,783,4120,2255,6.760942760942761,6.0,0.176,0.09788
969,2022-12-17,115099,9209,23140,47956,784,4136,2262,6.718978102189781,5.0,0.138,0.09788
970,2022-12-18,115066,9210,23165,48071,781,4155,2269,6.411949685534591,6.0,0.13,0.09788
971,2022-12-19,115045,9218,23174,48120,778,4164,2273,6.595166163141994,6.0,0.08,0.09788
972,2022-12-20,115036,9172,23223,48198,774,4182,2279,6.88,6.0,0.194,0.09788
973,2022-12-21,114986,9171,23272,48249,769,4197,2281,6.259475218658892,5.0,0.09,0.09788
974,2022-12-22,114971,9162,23287,48290,771,4200,2290,6.8903654485049834,6.0,0.2,0.09788
975,2022-12-23,114934,9150,23332,48326,776,4207,2294,6.1806853582554515,5.0,0.23,0.09788
976,2022-12-24,114900,9117,23394,48396,781,4216,2299,6.4907407407407405,6.0,0.206,0.09788
977,2022-12-25,114855,9203,23352,48500,791,4228,2300,6.13986013986014,5.0,0.148,0.09788
978,2022-12-26,114821,9232,23351,48539,794,4231,2306,6.764705882352941,6.0,0.116,0.09788
979,2022-12-27,114795,9268,23337,48581,794,4233,2310,6.951923076923077,7.0,0.162,0.09788
980,2022-12-28,114763,9208,23427,48624,801,4235,2312,6.201101928374656,5.0,0.234,0.09788
981,2022-12-29,114716,9175,23503,48734,803,4251,2316,6.368271954674221,6.0,0.124,0.09788
982,2022-12-30,114688,9166,23533,48768,811,4254,2323,6.294985250737463,6.0,0.138,0.09788
983,2022-12-31,114656,9181,23547,48806,815,4258,2326,6.216981132075472,6.0,0.106,0.09788
984,2023-01-01,114637,9208,23534,48940,809,4271,2331,6.256055363321799,5.0,0.186,0.09788
985,2023-01-02,114590,9228,23553,49017,812,4284,2339,5.7368421052631575,4.0,0.2,0.09788
986,2023-01-03,114546,9236,23586,49146,803,4303,2342,6.337837837837838,5.5,0.084,0.09788
987,2023-01-04,114533,9198,23630,49186,802,4306,2349,6.860927152317881,6.0,0.148,0.09788
988,2023-01-05,114494,9194,23668,49246,800,4316,2354,6.297297297297297,5.0,0.152,0.09788
989,2023-01-06,114468,9178,23702,49299,802,4322,2362,6.271929824561403,5.0,0.17,0.09788
990,2023-01-07,114438,9180,23720,49361,808,4324,2372,7.303333333333334,7.0,0.218,0.09788
991,2023-01-08,114394,9207,23734,49410,809,4327,2375,6.785714285714286,6.0,0.098,0.09788
992,2023-01-09,114378,9217,23734,49459,811,4333,2381,6.771331058020478,6.0,0.164,0.09788
993,2023-01-10,114348,9252,23722,49580,811,4347,2388,6.56989247311828,6.0,0.23,0.09788
994,2023-01-11,114297,9261,23760,49618,810,4349,2392,7.0344827586206895,7.0,0.084,0.09788
995,2023-01-12,114280,9249,23785,49722,810,4358,2396,6.166197183098592,5.0,0.18,0.09788
996,2023-01-13,114254,9294,23761,49803,812,4363,2401,6.516129032258065,5.0,0.234,0.09788
997,2023-01-14,114191,9326,23787,49818,815,4363,2406,7.297734627831715,7.0,0.136,0.09788
998,2023-01-15,114169,9371,23759,49905,818,4367,2411,6.9523809523809526,6.0,0.212,0.09788
999,2023-01-16,114117,9418,23762,49960,826,4372,2413,6.332288401253918,5.0,0.202,0.09788
1000,2023-01-17,114077,9362,23844,49997,832,4375,2427,7.569321533923304,7.0,0.186,0.09788
